,AAPL,MSFT,NVDA,GOOGL,META,AMZN,TSLA,AMD,INTC,CSCO,ADBE,CRM,ORCL,IBM,QCOM,TXN,NOW,AVGO,MU,AMAT,JPM,BAC,WFC,GS,MS,C,AXP,BLK,SCHW,USB,JNJ,PFE,MRK,ABBV,LLY,TMO,DHR,ABT,BMY,CVS,KO,PEP,PG,COST,WMT,HD,MCD,SBUX,NKE,LOW,CAT,DE,BA,GE,HON,LMT,RTX,UPS,UNP,MMM,XOM,CVX,COP,SLB,EOG,PSX,MPC,OXY,KMI,VLO,DIS,NFLX,CMCSA,VZ,T,TMUS,CHTR,EA,NEE,DUK,SO,AEP,PLD,AMT,CCI,SPG,O,EQIX
AAPL,1.0,0.6774096492217411,0.5659132506102528,0.6112201905224457,0.5238998749278705,0.5849126417723715,0.45468488766186577,0.4919173980500667,0.4214050270929293,0.542393094228898,0.5786844009840089,0.5091921840700852,0.3643955703064862,0.38655647661134884,0.5626335573033893,0.5697029494612443,0.5083299725762356,0.5157144512288108,0.4535921020533264,0.5478439226190955,0.4290286629622095,0.43751684087009235,0.3768285684794779,0.4883819134334867,0.5022270587001575,0.4454186061754546,0.463641508558589,0.565479431534307,0.35601894460662625,0.377918158938305,0.3138720699113786,0.2958934634408625,0.2837747095422496,0.28192174508179446,0.27902582691131306,0.4706115706245859,0.47230833031219094,0.43421824943986576,0.2669358517389049,0.25234496243339555,0.3492089822341003,0.4010948247267972,0.35405333916272036,0.49594122218751197,0.3381884722926991,0.5168469156298457,0.3962493634054201,0.4624289234466586,0.461652212345594,0.47641544768807503,0.3954257323505189,0.39137654841958325,0.4051154963989102,0.34982181593566186,0.47490308010022386,0.26261810907237626,0.3474101144021636,0.44186602744543957,0.45528923369359825,0.3949079641589256,0.29524437676933285,0.33638558579391453,0.3074054334359585,0.2909366004438045,0.26852990342619587,0.3047884161038178,0.3155130323549661,0.2653313652908883,0.3142085043038518,0.2724736897305383,0.4343819115611757,0.4337928751677501,0.40077255070202283,0.21198528245628645,0.26525511830778664,0.364569218537904,0.3318143563823171,0.36562892322717844,0.32223193363499014,0.2542216041616599,0.2667370571584265,0.2440097271583753,0.48949903936803035,0.33563226525379486,0.3451232210805195,0.33754394166848156,0.321583804505268,0.41262242761896595
MSFT,0.6774096492217411,1.0,0.6496716680618675,0.678678094506834,0.5901545310657548,0.6673004531753047,0.4272408937972952,0.5262331288375435,0.44074578315206264,0.5515104644940692,0.6970773131639206,0.6386533450581509,0.5022357423891982,0.3920256806343372,0.5313021010618799,0.5308724353990011,0.6604164497201342,0.5473123649880939,0.4800986693117964,0.570917821990417,0.4309083699020346,0.42732090110762433,0.370740142852484,0.47772169620460664,0.5070759379704912,0.4336976420526865,0.4729165961906303,0.5850492662424407,0.38435270205014005,0.34299402975576676,0.29832100015100266,0.2910480634146173,0.25953694873048133,0.2990110332011577,0.2996551945757206,0.48929793915539277,0.49688276750872384,0.46487138602607575,0.22583868206129346,0.25276703115753413,0.33022525665994495,0.3741285715937431,0.3399384872525296,0.5139664863508832,0.32999243453703714,0.5190085555132875,0.38875713721273114,0.44984223949630114,0.43045839764251964,0.47325061036146665,0.366942751990269,0.3440616358408063,0.37834583705514646,0.32322942504222985,0.45838381456082256,0.2632575394400497,0.3423371450548607,0.394003900591762,0.4105814078124647,0.36287306666079605,0.24210419923154267,0.32368162624762853,0.2841807760588337,0.23569229560889318,0.250852490174574,0.27741268774645017,0.30175965271260435,0.2352252093599806,0.3149725246116546,0.26454861314500155,0.4463969171191848,0.4894626491857544,0.399492985700857,0.18651771240895998,0.20556102376319677,0.38632993631822704,0.3095637866226647,0.3978298519796779,0.3152959461994153,0.24878375823416682,0.2610410456854014,0.23053666050227817,0.45826716144442975,0.35613180768009944,0.3466470052943049,0.29406922197062274,0.31569040835479756,0.4465962605810677
NVDA,0.5659132506102528,0.6496716680618675,1.0,0.5644458960062962,0.5251876300891709,0.5758509370240126,0.44517324839496325,0.6703042526771172,0.4420993347377202,0.4503156305932293,0.5544491216202033,0.5122636676275966,0.43446004700179514,0.30128468295382277,0.5848355772556164,0.5587181706609344,0.5385366766053606,0.6340185828828969,0.6039404999002409,0.6685989151684547,0.3577835080857703,0.3476538321285667,0.30457570449428895,0.4348190737516213,0.4541903320511855,0.3773136753662981,0.3908917968946863,0.5088911369864519,0.336717485932756,0.27009050448885247,0.11220205989065829,0.15659878433773208,0.12832102075539087,0.19135965511614664,0.2194104990437366,0.4079933514806284,0.39949373583123343,0.3244784133087806,0.11849097567146086,0.1603111934613612,0.14214475493306628,0.1860478282560764,0.1566189571708285,0.4045444267242364,0.21784887560162552,0.42503081623371886,0.24366872065961773,0.37062742001355165,0.36332235586247386,0.393261345987423,0.38174566223449663,0.3241539658928473,0.34425762042632563,0.33974955629286063,0.3568915898630365,0.15157759626682912,0.27052037279672303,0.34089743211478973,0.3361832995948399,0.30947667371622783,0.19855621707428814,0.25884825340002127,0.2518139754739631,0.23778352536951383,0.2142398438197649,0.23035137935822145,0.2781520589605429,0.1999468307341569,0.27172839007315325,0.2279736233002109,0.367659338829001,0.45817181910047206,0.2757972445299742,0.04763970296589502,0.09745459228328188,0.271813666185694,0.2318930075046533,0.33609893412567055,0.19969555516323778,0.07286142139060141,0.09651102966497653,0.0698064541011471,0.3509234680098769,0.2003149678125242,0.20181386455708294,0.23066625853871897,0.18286196247293615,0.375109649485807
GOOGL,0.6112201905224457,0.678678094506834,0.5644458960062962,1.0,0.5953046893218839,0.6357101720751964,0.3981479010457087,0.49648292950828504,0.4063942911471441,0.4813195435950415,0.5758096861306076,0.5121742015574117,0.3762501744436311,0.3614312736975263,0.5130571187634281,0.5071460861106664,0.5126376193707818,0.4925062272019844,0.4745229634461555,0.5416496384695072,0.41352714645954536,0.4120565800864949,0.3681360541056604,0.46539504669236476,0.4734825273160139,0.4282530256149086,0.4541443310467009,0.5350212923448636,0.34580068119200197,0.35548044974855725,0.25155348051427256,0.24542686803993707,0.21945110497900136,0.2693061864476454,0.26193380433456637,0.432047470937079,0.4279481785785421,0.3760892367906412,0.23002376009127812,0.2010852355275505,0.2786065819871395,0.2851891430704243,0.25558968754604944,0.41333532576632476,0.2610260880142812,0.4426617076167651,0.3299957245232083,0.40524774144477455,0.3971652579025985,0.4117057274681119,0.4016283319704287,0.3349734127890878,0.37152997211050715,0.32744382985907233,0.43059224471803315,0.20650145421905883,0.33598627300548345,0.34939512839856696,0.3923839253503776,0.3494413654309463,0.2518054350756985,0.30517878252093966,0.28012194051198364,0.2801853831578462,0.25974509399102774,0.27495699491421605,0.3098449877063949,0.24302708518409227,0.31645788581119627,0.27388882469767595,0.42079189723841504,0.43518953815385175,0.36565966453439636,0.16729967541701127,0.1986455675596975,0.31850144901767835,0.29041282014559777,0.33863242882553296,0.26612205679926293,0.18295799724272688,0.20762832829856995,0.17001705376832946,0.40499662530643993,0.26516378971463744,0.25642743375828486,0.3003743732954397,0.2692980684380972,0.36565334072993166
META,0.5238998749278705,0.5901545310657548,0.5251876300891709,0.5953046893218839,1.0,0.6069277313310008,0.33747413787016367,0.4377650650045033,0.35278559255597314,0.36927989665276206,0.5117736117942457,0.4841411878224243,0.32723806482998724,0.2662443352904605,0.4151657436779657,0.4226668386014668,0.4489666195527565,0.43745847162052837,0.4183768662647882,0.46483225256903005,0.32987966029828447,0.33562166418091693,0.2939787669002943,0.3832753596892473,0.38567850324684855,0.35642555358105027,0.3744911110463867,0.4455960082910999,0.26516016437079004,0.29514719008129336,0.14494074017678715,0.1758505588324927,0.16861218250353638,0.1739403736143951,0.2110840567330044,0.3422263146052021,0.3492784441594438,0.28568678712900103,0.14501560621981593,0.13570023911723933,0.16395360473779358,0.19798869006165254,0.1863776454339683,0.362121452732823,0.20758445093880717,0.3984861773242398,0.2642267938881405,0.36305221487439815,0.34906974232720384,0.37133494147099194,0.27970750590155696,0.24089683429194675,0.3055034464603214,0.29304600720419405,0.35765359539748165,0.13152385568573613,0.2193708588294942,0.31713583839782944,0.292423340175586,0.29287475280056935,0.16485035952241664,0.21381181690262333,0.19552373690838035,0.18752021484929715,0.17801177746624958,0.20706969472861836,0.21607589557086124,0.16432456738741583,0.22516827038548864,0.18198793228308005,0.3764126398460823,0.4578942477675482,0.3196531489976411,0.10516838877065025,0.14989955253149015,0.2433977517127359,0.2314387735706295,0.29027344722098425,0.19291214885303842,0.10414675059544845,0.11668343494999145,0.10863662224064699,0.334605120485029,0.20570469484642534,0.2083398158988994,0.2623290183455335,0.2001775344117021,0.33730356071457296
AMZN,0.5849126417723715,0.6673004531753047,0.5758509370240126,0.6357101720751964,0.6069277313310008,1.0,0.42195464095776664,0.5162936387673953,0.39362537138963755,0.43330929346972463,0.590086310205935,0.5590017804713086,0.34608129549943983,0.28511092784278896,0.48322742192425244,0.4730213695396483,0.5665690301557477,0.46601236825538667,0.4516303991499123,0.49871399214776757,0.32410672334372814,0.3360610931478572,0.28829900322343754,0.4007581297090359,0.3974204107882564,0.34415030000720087,0.3720438764772642,0.4809405863854355,0.2850847566137462,0.2609445804601789,0.1490719284831417,0.18754010479706995,0.14553439014586628,0.1734210719659752,0.2106336762597939,0.40704051387700574,0.3913355683516231,0.32267505189894874,0.1434266988235476,0.1512149375170361,0.16214176361729615,0.20312174056865462,0.1843243890082263,0.4496462198637986,0.27584035393388917,0.426745507482513,0.2251261584920869,0.370753593402411,0.3962338719003834,0.3793840059207248,0.3277250359685898,0.2835718632418917,0.31693502326490963,0.2777369369960785,0.3286125647845131,0.15027831510336584,0.2219295820641603,0.37108754796792087,0.3105921075488801,0.3002472895354737,0.16040032740829213,0.19853871237808934,0.19918107235267415,0.19543818232828064,0.18675277000611742,0.1959469790180144,0.22099897386559728,0.16454288149786447,0.19630897636045888,0.1796562138825185,0.4006854161649382,0.5383359007087408,0.31314616787021815,0.1010025712274148,0.13579350008743157,0.2981087612188749,0.26638162550649075,0.33137271620940784,0.21525219876981258,0.07865138099728176,0.1097330161490989,0.10928301310776391,0.3792585935679275,0.22194897101676167,0.22224792538529345,0.2126477563970926,0.15301633341529977,0.3685517603280217
TSLA,0.45468488766186577,0.4272408937972952,0.44517324839496325,0.3981479010457087,0.33747413787016367,0.42195464095776664,1.0,0.40048908649390685,0.29996529541843786,0.2720168516743061,0.3767458911886452,0.38737696095439056,0.24844519882923125,0.18860831150246674,0.39642659791410967,0.37572821513028454,0.3772046109648018,0.41739191279773785,0.34923187047466747,0.41819423862615496,0.2919155964992143,0.29499201813073517,0.27007069473030604,0.345052319827664,0.3433664936876536,0.3220505069109623,0.33468102185471443,0.3689227327117747,0.24520187314533587,0.2563123182088169,0.0733901516344729,0.09814900400175303,0.09579285645494975,0.1181775444391818,0.10136387252890855,0.2781347530116462,0.27875710477777305,0.19545564773677063,0.1036954788733251,0.1281430414555557,0.12091758232291727,0.13954375468569435,0.09795427167356412,0.2985203753957466,0.16945307747832983,0.31246392725572414,0.22813077164129747,0.29653182108758036,0.28247245868093895,0.30136219793153163,0.25108071039034996,0.24520717339432221,0.3156146994072326,0.24722049794984866,0.27270659440389944,0.09975461116788134,0.2444881412333125,0.2160127007503625,0.245926286438487,0.2080893822656737,0.15726534869736156,0.21066991206934718,0.20558663750422163,0.2077361855115597,0.188186487459218,0.1675598173595571,0.21136531702535044,0.18907443320606654,0.2743658730251912,0.17653802012358286,0.3097013248566149,0.33857355113411725,0.22370318453020802,0.031591655354749434,0.07461757716095568,0.19196673146610715,0.22550541808555524,0.2181372642700861,0.17403395348762116,0.057249914593462944,0.061337731836076693,0.04207103087216968,0.2707470755165589,0.1468554073207751,0.1735472132870169,0.29600227228713344,0.23768534077651482,0.2692009070733092
AMD,0.4919173980500667,0.5262331288375435,0.6703042526771172,0.49648292950828504,0.4377650650045033,0.5162936387673953,0.40048908649390685,1.0,0.42664503753230676,0.4164244027871797,0.4664120985196449,0.4313929781497209,0.35819958147201486,0.3062365225830637,0.5378244262661576,0.5277603859156867,0.4606527818871083,0.5173523932858448,0.5378646048147946,0.5984049775243356,0.30388949134088855,0.3093071358140343,0.2723612938493401,0.37816974065628933,0.3863881174753016,0.3392548373378152,0.33638428960453204,0.42567917317005377,0.28957693359712333,0.24495656117507544,0.1232431786980776,0.1627522340090997,0.11491256196754286,0.1713856284118318,0.183897218871836,0.3623031032208588,0.3540418126838811,0.2768258708138263,0.12868333148465094,0.18816900754450971,0.13673536114345228,0.16997779132439705,0.13971029804156287,0.3524553678115375,0.19208909425733758,0.36907579531551526,0.21153771538529115,0.3503746721940569,0.32709148637864083,0.3367119867832908,0.3517182119038016,0.2894261451460244,0.31035330303432107,0.2876354895298236,0.3181088564343227,0.14982207740820955,0.22896446475166207,0.32497526234954294,0.2858545727913534,0.27804995450923203,0.19071217384822248,0.23329842472862983,0.220026207307562,0.22435525874254733,0.20971485777957097,0.22650902788369723,0.24881459509455098,0.18880657438235807,0.23948208861332881,0.23838207944387935,0.3206831246523018,0.40127158989736217,0.25577856391260134,0.0588021628929848,0.10280548670960711,0.25144309083752253,0.21334260738571856,0.2986447538990542,0.19815016290416992,0.06904816639239628,0.10449252370051396,0.09581198703365232,0.3305113394495208,0.17640548821241903,0.19432516507475167,0.18899328103980784,0.1662017507013759,0.3447635020349142
INTC,0.4214050270929293,0.44074578315206264,0.4420993347377202,0.4063942911471441,0.35278559255597314,0.39362537138963755,0.29996529541843786,0.42664503753230676,1.0,0.424251822357518,0.3630794576774106,0.33024040842442454,0.3102687126715266,0.3410733071647237,0.4938009645104463,0.5453104353675065,0.3099753824381121,0.4457384109374662,0.523773693567954,0.5566404426834001,0.3719605926733948,0.36256735408132956,0.33343548760159153,0.40638300308428943,0.4135586305989197,0.3811434407763271,0.36168112440110833,0.4210663103890993,0.29897445818535684,0.3306041336603093,0.21217351186430458,0.24510356922177365,0.18571847633520877,0.2578609569852272,0.1946571331349667,0.3376624464443712,0.34088960524519646,0.2900177218776521,0.1968745416329521,0.23006129181500265,0.23346573343465596,0.2743757027102373,0.22587014105256997,0.31253309397022694,0.21979170143451393,0.363140374530323,0.22335162055712834,0.312202342864158,0.29858749670782536,0.3350229031746577,0.3762999258463794,0.30537832760063255,0.3455577800084485,0.30032358186927305,0.3879851040714726,0.1973230261382955,0.25938529065273336,0.34481212167277353,0.334545473347054,0.33756569406598974,0.2518165880204159,0.28746534657857403,0.2598576756099658,0.29165607274808253,0.22709103675003747,0.30391193266070987,0.2818677253043942,0.22901582432039816,0.2674207655492655,0.2661621528429736,0.33580173409623176,0.2898793155532604,0.306903276195714,0.16012297169874476,0.2000626008247573,0.2507301581106378,0.214578223844887,0.28928966676395074,0.23112966234688795,0.17298939647393644,0.19108266259662118,0.17455341998046559,0.3434157198691667,0.19536883115239523,0.21267244028863289,0.2610423933931929,0.2066288081921923,0.2785642523098682
CSCO,0.542393094228898,0.5515104644940692,0.4503156305932293,0.4813195435950415,0.36927989665276206,0.43330929346972463,0.2720168516743061,0.4164244027871797,0.424251822357518,1.0,0.46160345732006747,0.41938462128498344,0.4286895115331939,0.5076461558838188,0.43164695465570685,0.5251682777477668,0.3963013398606319,0.47122907922109636,0.4416837009656468,0.4917090898781087,0.5013181783570078,0.5181029520401075,0.4565197366625382,0.5116501719342984,0.54323196793323,0.5128671598563874,0.5024736678181517,0.5574354504003275,0.4167367533994507,0.4675870954107176,0.395454688049839,0.37290408956371374,0.3102434880722672,0.3596369867073016,0.2921296447677472,0.43570727040026536,0.4327509087145006,0.44828824806191436,0.3294338745888243,0.3280402765886626,0.38766456160210616,0.41824053198597716,0.3825741427890055,0.44260053508644137,0.35623337696675167,0.4875827423711761,0.40434974928465806,0.4554127944922396,0.41462053312248776,0.44387961374936885,0.47763883002734125,0.4389569529705371,0.37695127036816833,0.38053066120376783,0.5309396743813874,0.3431646024114257,0.4137331191672467,0.4215695614216596,0.48690166403903046,0.46349995688191575,0.3721230027412166,0.40472877105291033,0.37453433076998105,0.36230754828979617,0.33802915102224806,0.3913723744913619,0.38124316805369546,0.3122576675661014,0.397292386936526,0.37313416906135327,0.45217090403541116,0.31921969338168105,0.4249746567945695,0.2915707823730551,0.34933006589123977,0.37215407902205316,0.3087768127666233,0.3220522393449617,0.3135669575827993,0.31046301891126554,0.32412779751048476,0.2784842498922968,0.45183024794935694,0.3125177953264575,0.3161715414141425,0.3433836809104629,0.32081204571952465,0.3652764893663635
ADBE,0.5786844009840089,0.6970773131639206,0.5544491216202033,0.5758096861306076,0.5117736117942457,0.590086310205935,0.3767458911886452,0.4664120985196449,0.3630794576774106,0.46160345732006747,1.0,0.6857504963011143,0.3941060532271949,0.3651641523662821,0.5033751754987308,0.48190782788608527,0.6875278398617789,0.45415450637869775,0.393291243459211,0.47985854995526944,0.33606781220203275,0.33100107149347946,0.28645455361233924,0.3794692718146965,0.39186949181291053,0.34590672901082264,0.3875136622881699,0.4976955173316994,0.3124662448769786,0.2932193037723123,0.22150549678626222,0.24017099786919618,0.1951792446351035,0.2596309902007799,0.2595382830678678,0.4569495725945064,0.45642499270417775,0.40916549314329187,0.19273669822377235,0.17579809850251701,0.26687977703512883,0.31724448743712963,0.2669130353653034,0.472069886701595,0.26087781483533523,0.4795966129287196,0.3234507366860341,0.4022012375026949,0.39467184790967824,0.4410526786795053,0.27692859175833007,0.285916453074766,0.30908240011674953,0.25263560083091063,0.3815477754284317,0.22183821941393148,0.27490415958450165,0.36045138171513036,0.3529443581572846,0.30566679847743305,0.18789063495290403,0.24044097360770625,0.23181796297074483,0.19465853553091844,0.2075899384880545,0.2323581556819783,0.25403028359222496,0.1960988758810478,0.23727388416378242,0.21802919493082681,0.38359459530489265,0.4901526291242712,0.3688286654781286,0.121774170628728,0.16707490810503917,0.35439644074044524,0.32781392993318365,0.39171673635256904,0.25276549537562937,0.1731607340496246,0.1812278413759263,0.1501407411638045,0.41596228314752426,0.3327116815250471,0.31943289414306164,0.25672476508202063,0.2632080206956565,0.4124892996978004
CRM,0.5091921840700852,0.6386533450581509,0.5122636676275966,0.5121742015574117,0.4841411878224243,0.5590017804713086,0.38737696095439056,0.4313929781497209,0.33024040842442454,0.41938462128498344,0.6857504963011143,1.0,0.3800996458584195,0.3408603876598733,0.43956699585451803,0.41928342057141504,0.7124983715658113,0.4139954388293206,0.37559985379860394,0.43604525564503877,0.3483479378880247,0.35817345990080823,0.31646249142386207,0.39661880700727375,0.40838459426220386,0.3661795280737057,0.40578982231860106,0.4787121284387246,0.32477878193259163,0.3038627692373335,0.17751385990798418,0.19456349479691237,0.1836767249758909,0.21924337101351002,0.22532179252235773,0.4231032053048828,0.4198199058463191,0.36930746964846706,0.19664897112236002,0.1610436280862065,0.22021080339437124,0.2536415094026293,0.19985245908306748,0.38656452227239707,0.21259704346721717,0.4265759461257957,0.3095125893236009,0.3678332348879412,0.3738943492724702,0.39911227124604637,0.2983473543167812,0.28730999084674536,0.3279243619922026,0.26456403119586985,0.3504909679420403,0.20635064315127982,0.29064626428390056,0.32157493152191574,0.33586541371832457,0.2911913750468632,0.20812181965920853,0.25945970983396904,0.2570400388711927,0.2140061473971924,0.23757964927897698,0.2514138615673619,0.2743034219889467,0.19985300155884464,0.274347844029133,0.24822424312803093,0.3920256877889968,0.47113959584931586,0.3282908987702181,0.12171521593151294,0.189348138802549,0.3263579539771644,0.29910027951952933,0.33835403355649196,0.21755437642226422,0.1532065430910636,0.17782683474041172,0.13406480637485835,0.3728492283967864,0.2781088342576265,0.27396960996545433,0.2759920446245527,0.2640700595510339,0.3644964692336195
ORCL,0.3643955703064862,0.5022357423891982,0.43446004700179514,0.3762501744436311,0.32723806482998724,0.34608129549943983,0.24844519882923125,0.35819958147201486,0.3102687126715266,0.4286895115331939,0.3941060532271949,0.3800996458584195,1.0,0.37030802704092475,0.3444968272304035,0.3488695258673223,0.3921816121307493,0.4649405822608548,0.37629285903249365,0.39013630580270636,0.3669215993761274,0.35503449840489065,0.3223494339915412,0.3964257440771629,0.4114285047503208,0.3563047040141381,0.3625809407653665,0.39886835235737716,0.3119557078309124,0.31843342314080125,0.193442979451174,0.2304641262723808,0.1609858480044142,0.19914716236312907,0.2455768591365735,0.31782872941357243,0.3181454537403806,0.24927381007660748,0.15068245725353946,0.21495644533435432,0.1956002037488101,0.251088983457531,0.22059937631442542,0.299731152626748,0.22441362550323088,0.3273185764086589,0.2318700278786142,0.3091558635683466,0.27143456372472946,0.29280360021312357,0.34836620841976823,0.2613121587213406,0.2695100502331224,0.30740593514416026,0.3397228808407139,0.24461696673496602,0.2819660000960744,0.2902002279463069,0.2851009235200147,0.3116290103643938,0.20486471882113297,0.25484221590429773,0.2378246482799,0.2208586184925218,0.21305407812984992,0.24940170149662425,0.24733917621046364,0.1964992881755076,0.2716826759010333,0.2234823704347578,0.307952189890231,0.26836678447812695,0.25475419684068484,0.13858986366462495,0.18087829791120746,0.20791921180069295,0.22213420290876795,0.22856248583993183,0.19209355743767204,0.18336848079418283,0.1913149234668049,0.15279175689486663,0.3167833307461303,0.2086337557489626,0.20519780696606021,0.2112779583545483,0.1888833802638909,0.31508669467596756
IBM,0.38655647661134884,0.3920256806343372,0.30128468295382277,0.3614312736975263,0.2662443352904605,0.28511092784278896,0.18860831150246674,0.3062365225830637,0.3410733071647237,0.5076461558838188,0.3651641523662821,0.3408603876598733,0.37030802704092475,1.0,0.34791277073740234,0.38897380073344934,0.29567690486519055,0.36217361361038974,0.34800558838492535,0.39608684279603745,0.5122631200599908,0.5054509649596621,0.4627116521136772,0.47689520799776136,0.5085552190437143,0.5020681183993598,0.5033302560197093,0.4738616649948006,0.40862757089564355,0.4793965213527038,0.34820975629734635,0.34642596166767536,0.28747575769733996,0.30850057827680516,0.2561650075042993,0.3587726795677419,0.31975654463687897,0.3688822311987063,0.29888436278236635,0.31230708682011704,0.4102216729821532,0.36950577077398655,0.3517225072752034,0.3330349362332908,0.26724507788300883,0.42486912844333186,0.3817170499527539,0.3693853891702996,0.34421827137445776,0.38976439166417504,0.4334769975495449,0.409787024547118,0.37823673032792177,0.41034490915861566,0.5049924071975112,0.3731557377632418,0.4523742435094536,0.2938519562750708,0.427042153389867,0.4454320700991197,0.3914233454581209,0.40968095509693475,0.3689161511842114,0.36736380066285945,0.34778151723251083,0.39919297518757907,0.41059603423387764,0.32741408494544577,0.4118194469454808,0.37525130344154245,0.38377354335599956,0.17786996410383063,0.35541509834157387,0.2986752472791179,0.3863480552544658,0.2603814510608904,0.28359544488029526,0.24100125102071382,0.2801556627491103,0.35813718634835173,0.3654826013188668,0.28759838571358765,0.39770114851004235,0.29279641588661864,0.2929413130461377,0.38418593264760165,0.35528236989540907,0.30142399496635686
QCOM,0.5626335573033893,0.5313021010618799,0.5848355772556164,0.5130571187634281,0.4151657436779657,0.48322742192425244,0.39642659791410967,0.5378244262661576,0.4938009645104463,0.43164695465570685,0.5033751754987308,0.43956699585451803,0.3444968272304035,0.34791277073740234,1.0,0.6200611997670341,0.45363111224197167,0.5871967290130753,0.5624048495866709,0.6547464430674931,0.40495886409167653,0.40505577318790587,0.37251656022103474,0.4662250810652955,0.4712456680320713,0.43096886227079906,0.4361775585512207,0.5196828662921462,0.3475940310005511,0.3743209502973382,0.1892952712124799,0.2318695656541126,0.17659970957101864,0.22029815894560936,0.22328182783685938,0.3838146081424716,0.40361878467835577,0.3230567341313218,0.1869622011260071,0.20764546347640028,0.22393995446725215,0.26759624890173567,0.24154924710685569,0.39982322575731166,0.21933110813860102,0.4603079556395635,0.30139463391625376,0.41181749453115124,0.402283620753087,0.43389010842396936,0.42452856855627724,0.3695832790335625,0.3668763884955497,0.33747294025848357,0.4245398685756654,0.17001946019432984,0.30015275998320484,0.40540386256966154,0.3916338098140399,0.35525763358916945,0.2772662497051367,0.3217070243224424,0.2829421564660175,0.3241103275087027,0.2673705636706999,0.31859242698846846,0.3262950633876673,0.25819688385701806,0.30133705332013655,0.3102845714379745,0.40588701785697073,0.36676199854473573,0.34803835790062304,0.1482818342578566,0.19826502540205723,0.288900836238051,0.2605367214721642,0.3046769245523839,0.22601738288141446,0.14689309725398822,0.17058731463901922,0.1433320053353961,0.38046024275822776,0.22302363276535248,0.23149945942378264,0.3253037091183136,0.2624251661287136,0.31501123612311666
TXN,0.5697029494612443,0.5308724353990011,0.5587181706609344,0.5071460861106664,0.4226668386014668,0.4730213695396483,0.37572821513028454,0.5277603859156867,0.5453104353675065,0.5251682777477668,0.48190782788608527,0.41928342057141504,0.3488695258673223,0.38897380073344934,0.6200611997670341,1.0,0.4088942557008255,0.5595020491527009,0.6007103097016921,0.6914609478270356,0.46148628817677556,0.4698358704668118,0.4301697232137257,0.5086544007793399,0.5178651193788472,0.4695330435761812,0.4655196287614232,0.5689259467329861,0.39682947610321934,0.44575940049880886,0.2988147084064973,0.29055358616890264,0.2790155806553511,0.2985003774446224,0.25277853449150683,0.4186478414455103,0.44195204314459163,0.393888312271202,0.2811599665278343,0.29139356006865663,0.30517784369298695,0.34971628506571956,0.3048444057812874,0.4495334001784637,0.2971610773400469,0.5085465502697473,0.34853641216414377,0.4492762353897122,0.42790334901879057,0.46002401481344424,0.496475517434779,0.4460941259445566,0.39235547628859596,0.37043474748073607,0.4850465107370787,0.24648766599574312,0.36521245979550115,0.4576061898131861,0.49491669648634057,0.4360386369861463,0.336151351341796,0.37598556459899923,0.34168169105325935,0.3595836743060942,0.30744874538808303,0.3385781060709514,0.3421783509089042,0.2947186145816711,0.3449709132491296,0.31269360959017495,0.42729838553903154,0.3503289116759357,0.4323850654733877,0.22206577926041884,0.2814569334102115,0.3486799808086888,0.3188543556428758,0.35078978648150466,0.33026734090417936,0.23327695151490352,0.2669713805802088,0.23450337214255118,0.4543566224016752,0.2928490896164502,0.2985272402443861,0.34428307473822345,0.3119799299783946,0.3716670351696349
NOW,0.5083299725762356,0.6604164497201342,0.5385366766053606,0.5126376193707818,0.4489666195527565,0.5665690301557477,0.3772046109648018,0.4606527818871083,0.3099753824381121,0.3963013398606319,0.6875278398617789,0.7124983715658113,0.3921816121307493,0.29567690486519055,0.45363111224197167,0.4088942557008255,1.0,0.4275180704603987,0.37158841630625383,0.44659341016313636,0.2754297343394559,0.2845365836429332,0.24933107210965594,0.3355402120458351,0.36281378411796417,0.30261378262957656,0.36038864200399773,0.4511301387005851,0.3069953427437172,0.24979955113404306,0.16370483698126645,0.2142692453765028,0.1577922831171393,0.22211898723977871,0.231958923218167,0.4522372987460406,0.4553566770784185,0.3686753414529396,0.16281587851730495,0.12468555439636242,0.1835367530244924,0.2106204041670277,0.17540407643539482,0.3902552758136324,0.19748619868514067,0.40740092144167994,0.24440095966722855,0.34461326943799225,0.3570728518629109,0.38003705222100004,0.27024157690820977,0.2597975605206098,0.30105639630524283,0.23817910335210837,0.31476328784100194,0.18063736358550955,0.26554857329145604,0.2917011737140684,0.2638849476315191,0.23881652023906239,0.16071122523988868,0.19645053412171942,0.19427506979177256,0.14665635492033913,0.16759498798781117,0.2112686763256924,0.23886340602185996,0.16228821539726743,0.2120825472298537,0.20622605226186555,0.37359656168474975,0.4819145485075127,0.29496378114710686,0.08625724201474635,0.14698097988566572,0.32148910332214925,0.30945209379209976,0.34810321676325734,0.2205333226831527,0.12065501925774742,0.1417769214997281,0.1298764985274017,0.3651854432766444,0.2956512043874474,0.2873135591625716,0.21610153723299252,0.220304364921126,0.39856495018148896
AVGO,0.5157144512288108,0.5473123649880939,0.6340185828828969,0.4925062272019844,0.43745847162052837,0.46601236825538667,0.41739191279773785,0.5173523932858448,0.4457384109374662,0.47122907922109636,0.45415450637869775,0.4139954388293206,0.4649405822608548,0.36217361361038974,0.5871967290130753,0.5595020491527009,0.4275180704603987,1.0,0.6059456725485816,0.6629816509512243,0.4072343768486011,0.37723872360941024,0.3367784790027723,0.46406138513338846,0.46911597584055387,0.42502067184579617,0.4293108105308876,0.49681710339194574,0.32708102903835823,0.33515792884441536,0.13015417267140758,0.1735423572142869,0.16294186123301058,0.2016418471445481,0.20847251021798693,0.3457652920117501,0.3653002004481887,0.2729252151926647,0.14280004417922432,0.1797084043744111,0.18659107638476763,0.21105936748093787,0.1569138656972166,0.36846575020671135,0.19687530145984478,0.42347536194680857,0.30462335813499686,0.4028728707177169,0.35317909330892255,0.4097469030415905,0.4267518487127632,0.35211488173734856,0.3789378181446485,0.3671799888870788,0.40339369003441095,0.17891037691535724,0.3436766966491246,0.3054943448914741,0.3753126180658911,0.3379627877191795,0.2524643709431241,0.32927708946495615,0.3005769989635975,0.3079238402593725,0.2641067685873498,0.2821382711922038,0.3090573994929653,0.2520500166236523,0.35073514802780353,0.2765566882903718,0.3579503493645603,0.3519420803938673,0.2867076047022367,0.08105413853007859,0.11214802172613669,0.24435969099206456,0.22725202323116056,0.28946005939752323,0.21594822207576475,0.13035508071614096,0.13080725864341586,0.11249877736648724,0.3527425032013189,0.18957321274700686,0.1977698370658241,0.3366651620175363,0.2799846895111594,0.3298001655201525
MU,0.4535921020533264,0.4800986693117964,0.6039404999002409,0.4745229634461555,0.4183768662647882,0.4516303991499123,0.34923187047466747,0.5378646048147946,0.523773693567954,0.4416837009656468,0.393291243459211,0.37559985379860394,0.37629285903249365,0.34800558838492535,0.5624048495866709,0.6007103097016921,0.37158841630625383,0.6059456725485816,1.0,0.7148692044269905,0.41109608201690345,0.4274277493041522,0.3903357542437249,0.4884738728525886,0.4918544934732029,0.45506023885518493,0.44494973435846225,0.47211646615129677,0.37189210199810296,0.3791434624407319,0.13989636627594976,0.17676320834140596,0.150826364750687,0.21416565029577941,0.17525656229858202,0.3526154641426849,0.3581013257198206,0.2725123039576902,0.15398397995274807,0.20708954045996752,0.15677644030989454,0.17667227276250672,0.14309063468552277,0.31363785416127504,0.17023739939656893,0.3845868043929473,0.21874524753838556,0.38526838795152074,0.3494818084866309,0.3640008124199473,0.4560596709727066,0.3573230321078422,0.3855753665939529,0.3909034104076171,0.38598685061472465,0.1823524694368627,0.32658647215100656,0.34391897086615514,0.3507409970136509,0.3629615304160422,0.2731850441955044,0.3140567920348788,0.30137642739456205,0.33841431604834266,0.2778017643514181,0.3286279598518783,0.34541737282463625,0.2737225620300781,0.30301726458703315,0.31967446502245667,0.3634876125528327,0.31790218797240677,0.2745657768315482,0.06318919907853285,0.14721551985077622,0.20985043230807485,0.21276861622524318,0.27434731595903844,0.16694002936919256,0.06871528516891393,0.10726995429618899,0.07717182703368448,0.3285598761910039,0.12873356747833456,0.13312789253784607,0.31706329922354454,0.21878963333040138,0.2698294425366268
AMAT,0.5478439226190955,0.570917821990417,0.6685989151684547,0.5416496384695072,0.46483225256903005,0.49871399214776757,0.41819423862615496,0.5984049775243356,0.5566404426834001,0.4917090898781087,0.47985854995526944,0.43604525564503877,0.39013630580270636,0.39608684279603745,0.6547464430674931,0.6914609478270356,0.44659341016313636,0.6629816509512243,0.7148692044269905,1.0,0.45243838970359157,0.45055557149067527,0.41351147935636273,0.5168204511229108,0.5337559951633287,0.48532383567320125,0.4773037111239338,0.5623374168192403,0.40126815241617286,0.39433332833375173,0.19300835107561076,0.23250958987114628,0.2017512997140501,0.25802244206276587,0.23833475605389307,0.41284227595866896,0.4226768984755197,0.3311515168246396,0.20643555165077065,0.21763736187340266,0.23470769436786895,0.26580570801022707,0.22402431925107696,0.4101652902007203,0.23408208823424298,0.47543367371090917,0.2852795200431677,0.4339577186437042,0.4018448095745258,0.4395297008373,0.4924997326556294,0.39159643569777836,0.4210130488997273,0.3989056140912329,0.4621606626741977,0.2244696908051757,0.3710837088984872,0.37864073885429983,0.42447103369191325,0.3754609171799005,0.3089600529386561,0.36355832072361927,0.3284139888742339,0.36731800506186935,0.2984502003590176,0.3413650643384642,0.3642921475950875,0.29829760080194595,0.33250932811358547,0.33838412238843657,0.41521560328783086,0.3583742710948563,0.33723407057993304,0.08225840166691206,0.16361639341114004,0.287310016616152,0.2587909225271991,0.33931613744774697,0.24037396252431542,0.14652170934664507,0.17663446099363792,0.14369261186251442,0.39352980053724196,0.22605473565306378,0.23361422765148748,0.35220420502570904,0.276374906910372,0.340754649979369
JPM,0.4290286629622095,0.4309083699020346,0.3577835080857703,0.41352714645954536,0.32987966029828447,0.32410672334372814,0.2919155964992143,0.30388949134088855,0.3719605926733948,0.5013181783570078,0.33606781220203275,0.3483479378880247,0.3669215993761274,0.5122631200599908,0.40495886409167653,0.46148628817677556,0.2754297343394559,0.4072343768486011,0.41109608201690345,0.45243838970359157,1.0,0.8819208101940875,0.805353735714495,0.8151523789657248,0.8114532781899888,0.8449557744294434,0.7625338023854185,0.6640321575313481,0.6508023755333162,0.781118533348987,0.3468940589946567,0.32903449619074365,0.2997677304718198,0.3268306344616625,0.23666020996788,0.3471061172269473,0.36882341019202963,0.3771897599378887,0.2928579418105154,0.3952857768968122,0.4287353352541309,0.34554168148634823,0.30352983977122683,0.31287057643771327,0.2631242606882783,0.4873222008611198,0.4400671097636309,0.480818233789928,0.4136905848044381,0.45339201810661434,0.6056307426277606,0.5417874316104181,0.5479129528828518,0.5524386253396921,0.645681320448797,0.35829634665854154,0.5787054189855207,0.42028566109884014,0.5975685227446385,0.5106145654943627,0.524624473571836,0.5794944173548069,0.5262267125753952,0.548308939715395,0.48414415971026825,0.5468961642504073,0.5483194582422438,0.47690464067815547,0.56299823923774,0.5188117934371932,0.5549977993527557,0.23121897687833862,0.4689262488172167,0.29594501019258906,0.42768409418047,0.3313037940499779,0.3090548573799803,0.21025277793901795,0.28414561812300965,0.3539572594075564,0.3430371640642011,0.26643894501177345,0.4488301238724089,0.2908096209102246,0.3002684095975631,0.5668072662720824,0.43543245961711646,0.2872374416812058
BAC,0.43751684087009235,0.42732090110762433,0.3476538321285667,0.4120565800864949,0.33562166418091693,0.3360610931478572,0.29499201813073517,0.3093071358140343,0.36256735408132956,0.5181029520401075,0.33100107149347946,0.35817345990080823,0.35503449840489065,0.5054509649596621,0.40505577318790587,0.4698358704668118,0.2845365836429332,0.37723872360941024,0.4274277493041522,0.45055557149067527,0.8819208101940875,1.0,0.8456761835728765,0.8108880783755692,0.826395319407072,0.8645521677738854,0.7599917352111654,0.6736308855407421,0.7020831488157399,0.8230523905837457,0.331126832042657,0.31904292436544485,0.2821514831962194,0.31593506231002344,0.21397743697115873,0.35475412232541975,0.37596148885276914,0.377306292397574,0.290692051642876,0.3951871917898999,0.4065018170532919,0.3355279644710802,0.30332132275117357,0.30119454367118065,0.2682970059805969,0.4892616370973369,0.41880708758697954,0.47961948635606877,0.4149025368220252,0.46419403492686856,0.6082717779759014,0.5393183527685569,0.5316688950287038,0.5425728433268033,0.6298731284689689,0.34308930899645235,0.5476559527141538,0.4479991492191286,0.5791020616219436,0.5225423348900685,0.5435572132399482,0.5780726773973858,0.5408018554098453,0.5567954439270524,0.5034120590013169,0.5615217445231035,0.5541257942254693,0.5030508382257816,0.5520237847511795,0.5388529317964339,0.5564066631638365,0.23116848670087012,0.45735266718038853,0.3076768015622665,0.44649769866340183,0.33363405046734346,0.305743789596622,0.20272841176946912,0.2828096179819119,0.33971208176184203,0.34052441499947184,0.26398917116755344,0.4581815411666184,0.29700428250779387,0.3008151629481237,0.5658044208372619,0.42698122739862293,0.2908646514525557
WFC,0.3768285684794779,0.370740142852484,0.30457570449428895,0.3681360541056604,0.2939787669002943,0.28829900322343754,0.27007069473030604,0.2723612938493401,0.33343548760159153,0.4565197366625382,0.28645455361233924,0.31646249142386207,0.3223494339915412,0.4627116521136772,0.37251656022103474,0.4301697232137257,0.24933107210965594,0.3367784790027723,0.3903357542437249,0.41351147935636273,0.805353735714495,0.8456761835728765,1.0,0.7465060132190711,0.754342212713741,0.7957752252143171,0.7110203950592884,0.6054382324308184,0.638532469224312,0.7928643570749607,0.2963763032933671,0.2883556536417932,0.24893134496877015,0.28463539454696984,0.20846863235213067,0.2958018881607055,0.32385011460918817,0.31256884033026405,0.27682048071738624,0.3722917246134694,0.38342848023743914,0.30476929013264176,0.273019582259849,0.27391861238638554,0.24346923829003092,0.4480085362136404,0.38840856668589513,0.4291314322816836,0.376500807391942,0.4145591756331743,0.5429935141453759,0.49004404830636006,0.5212672267531119,0.5122225253806416,0.582339266019272,0.3298737335200476,0.5184855660759186,0.3948819245778894,0.5089290978583766,0.47817988515057475,0.5049170543094179,0.5186109993964659,0.49020422162367416,0.5122669459935506,0.451076540261079,0.5056630740600028,0.5106436049237506,0.455966753037363,0.5060928080866927,0.48232007932025883,0.4846329340475922,0.19144329568381088,0.42778685893728324,0.27245537700918027,0.40351095527975134,0.2988317362259576,0.28406689974353105,0.1644452658764016,0.25734692269505877,0.32962223186188716,0.3308712229545657,0.26611863948614545,0.4208641963684424,0.25300799223062836,0.2589933246301734,0.5354392496324695,0.3908351186972724,0.24027387850007015
GS,0.4883819134334867,0.47772169620460664,0.4348190737516213,0.46539504669236476,0.3832753596892473,0.4007581297090359,0.345052319827664,0.37816974065628933,0.40638300308428943,0.5116501719342984,0.3794692718146965,0.39661880700727375,0.3964257440771629,0.47689520799776136,0.4662250810652955,0.5086544007793399,0.3355402120458351,0.46406138513338846,0.4884738728525886,0.5168204511229108,0.8151523789657248,0.8108880783755692,0.7465060132190711,1.0,0.8676476210170012,0.8145669276807496,0.722766004792657,0.686210651758068,0.6329069161208313,0.7149682143998028,0.31085410892118587,0.29543364238620057,0.2665128145074065,0.29634955756744763,0.2327961696673919,0.37274961277332375,0.4120346792217918,0.36843715355042245,0.2747471064803643,0.364171815111002,0.34975680289146677,0.31491565658004406,0.2681335186481776,0.34660079887555173,0.2708372413384357,0.5257010833795395,0.40114059914422057,0.4880765150548035,0.43145641904185844,0.5010719875684109,0.6270681932324023,0.5464605994521471,0.5336157005556785,0.5387046573366557,0.6196022758858415,0.3101918875933391,0.5368083134673082,0.4333340724090008,0.5761326488778781,0.5293252847984458,0.48272914458629285,0.530311527816985,0.49130822274768043,0.5308746530529094,0.4500605459573256,0.5048306600523662,0.49526901488090247,0.4321997830772732,0.5405001951814263,0.46928625300405563,0.552038129787585,0.2824588035486502,0.45851676481668785,0.24031904641676854,0.3813163434765715,0.3373331329263265,0.3240710630793748,0.2528545173205437,0.272256714399424,0.2943232380072311,0.26836571490121164,0.22811118938468453,0.45780977881031226,0.27670887978440406,0.2813870781147647,0.5474659392536686,0.4118508395668235,0.3117162916952526
MS,0.5022270587001575,0.5070759379704912,0.4541903320511855,0.4734825273160139,0.38567850324684855,0.3974204107882564,0.3433664936876536,0.3863881174753016,0.4135586305989197,0.54323196793323,0.39186949181291053,0.40838459426220386,0.4114285047503208,0.5085552190437143,0.4712456680320713,0.5178651193788472,0.36281378411796417,0.46911597584055387,0.4918544934732029,0.5337559951633287,0.8114532781899888,0.826395319407072,0.754342212713741,0.8676476210170012,1.0,0.8111545348429338,0.7386295910506452,0.7112188016094109,0.6926711509834966,0.7293973766437953,0.32862592587113976,0.31625355130361155,0.26993707571244846,0.30506529800857207,0.2351341646004724,0.40833632369089073,0.4288386716758206,0.40326455594659416,0.3055968652702102,0.3617193274947145,0.3732580385118592,0.3390812588308152,0.28477279733557137,0.3446789581859353,0.28090749265516307,0.5250238892995885,0.4239318934439438,0.494310547544984,0.4597824626158368,0.4948262343702486,0.6275930895565794,0.5559595110035438,0.5325501160735159,0.5499068901978148,0.6310274749967136,0.32741962358139703,0.541005621181916,0.4420457698243687,0.5866461692461272,0.5343719282156272,0.502128958707069,0.5612909388454597,0.5162782566404301,0.5428377513869923,0.4638593123453942,0.5226481973889205,0.525456984752465,0.44261975441655377,0.5478036172312922,0.4899344719277215,0.5614380216405815,0.27310463457800527,0.45771725386079765,0.2507355019038672,0.38207437269401856,0.3271025934542098,0.32229210730000657,0.24325839058568904,0.2993765099270619,0.31496737460656865,0.31053399546349103,0.2330868078691,0.4837545540789938,0.30484951579754443,0.3038787070704262,0.5148998752494851,0.41142669057261705,0.33083171643285025
C,0.4454186061754546,0.4336976420526865,0.3773136753662981,0.4282530256149086,0.35642555358105027,0.34415030000720087,0.3220505069109623,0.3392548373378152,0.3811434407763271,0.5128671598563874,0.34590672901082264,0.3661795280737057,0.3563047040141381,0.5020681183993598,0.43096886227079906,0.4695330435761812,0.30261378262957656,0.42502067184579617,0.45506023885518493,0.48532383567320125,0.8449557744294434,0.8645521677738854,0.7957752252143171,0.8145669276807496,0.8111545348429338,1.0,0.7459602621826663,0.6555570562858177,0.6171326251011071,0.7839096197631662,0.2878124980745742,0.2989682784348288,0.2605051109258754,0.3140546457269167,0.20882717372067955,0.3550304160578338,0.3757925046956491,0.3387282005982818,0.284845423642935,0.3681780913490386,0.38138042110239007,0.303984901486583,0.2612961752603926,0.27923195200759443,0.2236610014625219,0.491520346241787,0.4302399938721256,0.4847548588056845,0.4238998608524767,0.47733002867937674,0.5979859853474269,0.5241953980769671,0.5754351597412455,0.5661064221359824,0.6262818319289074,0.3226719817737092,0.5650690171730076,0.41125284635866755,0.5733178225831171,0.5055358579461068,0.5422273047957447,0.5850398999459977,0.5514713489994975,0.5830469774040258,0.5060300827303484,0.5793381519531708,0.5733230378393974,0.5065857865138984,0.5709427798699139,0.5550822966341792,0.5652471853945796,0.24723263709056773,0.4462590155616783,0.25256063676217344,0.4099490051814517,0.31936616501896503,0.3041964148215328,0.20429291898437943,0.2612165181907955,0.29918962448140796,0.2932096626467542,0.22707597631445584,0.4423993127302582,0.26222437769003776,0.27229659596452954,0.5948270512613715,0.4395414394099324,0.2811178235213725
AXP,0.463641508558589,0.4729165961906303,0.3908917968946863,0.4541443310467009,0.3744911110463867,0.3720438764772642,0.33468102185471443,0.33638428960453204,0.36168112440110833,0.5024736678181517,0.3875136622881699,0.40578982231860106,0.3625809407653665,0.5033302560197093,0.4361775585512207,0.4655196287614232,0.36038864200399773,0.4293108105308876,0.44494973435846225,0.4773037111239338,0.7625338023854185,0.7599917352111654,0.7110203950592884,0.722766004792657,0.7386295910506452,0.7459602621826663,1.0,0.6420956770474495,0.5917602229045518,0.7215051994132353,0.30015199807004034,0.2993834275144887,0.2589442492103288,0.29827214509387506,0.21779897487028282,0.3699797885819597,0.3910776562424666,0.3628730517418887,0.279073613896655,0.34311471128055715,0.4258447639976739,0.33187069464763524,0.29053054890832475,0.3187167520073543,0.23487109473357567,0.499388773856875,0.4577614597178998,0.5211979118444093,0.4632735001926195,0.4733151054509126,0.5675157305619409,0.529069652630236,0.5863493724985354,0.5341185693306113,0.6563294606388845,0.3361167397040612,0.5969001144596017,0.3993469922700647,0.5620878931624927,0.49954189230105683,0.5071854103141811,0.5632459039410956,0.5166043334085894,0.5413942194646673,0.4596442564570632,0.5614008898680322,0.5478858902049522,0.4608662922776589,0.5565039974594912,0.5374995690943604,0.6002654287575038,0.2287109086330569,0.45666244724362065,0.24828346961668585,0.37118271994094326,0.33662884898520573,0.3261506414623986,0.19585973576366764,0.2900288353499488,0.341682398182122,0.33372522126676346,0.2575614781476729,0.47921120917990834,0.28313896357677887,0.27655242620625653,0.6189552311368698,0.49643802251603236,0.32036506705117257
BLK,0.565479431534307,0.5850492662424407,0.5088911369864519,0.5350212923448636,0.4455960082910999,0.4809405863854355,0.3689227327117747,0.42567917317005377,0.4210663103890993,0.5574354504003275,0.4976955173316994,0.4787121284387246,0.39886835235737716,0.4738616649948006,0.5196828662921462,0.5689259467329861,0.4511301387005851,0.49681710339194574,0.47211646615129677,0.5623374168192403,0.6640321575313481,0.6736308855407421,0.6054382324308184,0.686210651758068,0.7112188016094109,0.6555570562858177,0.6420956770474495,1.0,0.5882260685711355,0.6152229122279205,0.39358300200203,0.36223286967804696,0.31996651982429514,0.3406391061929651,0.28072454342026265,0.5093829523924671,0.5255453061638411,0.49354435331985,0.3165792274627706,0.34035163748380143,0.43186416314307746,0.42236344595723985,0.38024331560133123,0.45247111563530196,0.33207399330430104,0.6172598200623717,0.47433068738492135,0.5291431528219297,0.5254343564554763,0.588613719634778,0.5820918943628918,0.5250712527328847,0.48762638298263966,0.484039090252513,0.6322180203087737,0.36499521290687875,0.4955216650470952,0.488325766199039,0.595726804361029,0.5408770145723583,0.41629566953733393,0.4621591573210952,0.4139471452952831,0.4279705957147964,0.36311501370600574,0.4167251030749322,0.4286013666265021,0.3351095320095797,0.4691443176073519,0.39404218337472985,0.5436186633935766,0.357096910825182,0.46033314359915295,0.2841613246420156,0.3731225271079139,0.3858270425060226,0.37816168730926886,0.33326546455382733,0.39920162791319797,0.3765774072744942,0.379569404718063,0.33670361718652037,0.560140839799708,0.43664092205805227,0.4209124544048148,0.4678995586439396,0.43936662081781025,0.4526521037014252
SCHW,0.35601894460662625,0.38435270205014005,0.336717485932756,0.34580068119200197,0.26516016437079004,0.2850847566137462,0.24520187314533587,0.28957693359712333,0.29897445818535684,0.4167367533994507,0.3124662448769786,0.32477878193259163,0.3119557078309124,0.40862757089564355,0.3475940310005511,0.39682947610321934,0.3069953427437172,0.32708102903835823,0.37189210199810296,0.40126815241617286,0.6508023755333162,0.7020831488157399,0.638532469224312,0.6329069161208313,0.6926711509834966,0.6171326251011071,0.5917602229045518,0.5882260685711355,1.0,0.6473226729634819,0.2720516442688051,0.23848677444497215,0.227199505801159,0.24275959533270064,0.18515847656151183,0.3024184879642285,0.33022139372495735,0.3291814364454946,0.21942341082622643,0.30984193567398194,0.3220033586264287,0.2601775067075854,0.23984423953005551,0.3016799285024982,0.24945544585672438,0.3777857115491076,0.32032326763484453,0.3592338190165082,0.3618331712452922,0.36793039880648304,0.5205528168272467,0.45730366752159074,0.4433817680258772,0.4557525610153576,0.5197291534937346,0.3080009335887807,0.46756538793496244,0.3763166947808212,0.4702282286469347,0.4266540713570812,0.431477742546233,0.44199630108314164,0.4183748611469094,0.454835024007668,0.3943276296817028,0.4417825568178822,0.45088715377037086,0.36773559942738837,0.4324856449282561,0.4196244125380868,0.4393429391248102,0.2349429028399312,0.34528443779359236,0.2298787416721859,0.3348241023434349,0.2969137921046952,0.2320588749663917,0.18187657103652907,0.21673676807070816,0.24131154961399304,0.23251689241029708,0.18684474097466913,0.3478514568884003,0.23453432775851388,0.23682823101132644,0.4235804739334257,0.28612232561298917,0.22561846996651183
USB,0.377918158938305,0.34299402975576676,0.27009050448885247,0.35548044974855725,0.29514719008129336,0.2609445804601789,0.2563123182088169,0.24495656117507544,0.3306041336603093,0.4675870954107176,0.2932193037723123,0.3038627692373335,0.31843342314080125,0.4793965213527038,0.3743209502973382,0.44575940049880886,0.24979955113404306,0.33515792884441536,0.3791434624407319,0.39433332833375173,0.781118533348987,0.8230523905837457,0.7928643570749607,0.7149682143998028,0.7293973766437953,0.7839096197631662,0.7215051994132353,0.6152229122279205,0.6473226729634819,1.0,0.3296800903382291,0.32626264955229495,0.29145924356491343,0.3055432555003064,0.19220878223450785,0.3457260903520775,0.37686213769746446,0.3376650323879218,0.29307028962825066,0.38480951543005604,0.41391825311962693,0.32095601150887737,0.291152517447623,0.265740675803052,0.22776534677252339,0.4661922394622402,0.4042518966653947,0.4561864420323777,0.41421590191394236,0.44400124883546205,0.5703149495261258,0.5051112791739131,0.4998579384706815,0.4956478805218004,0.6115848625593429,0.33522295778412076,0.531590148007578,0.4241689960096352,0.5478033547191365,0.5052865083596342,0.5024131423203256,0.5277962280989914,0.4945367941412232,0.5509028843791485,0.4545409712401298,0.5490901441409142,0.5418917629394788,0.4655927156562506,0.5172895345330293,0.5301091593551518,0.5263920011932163,0.16020668298321786,0.47049531140232825,0.3290843987761468,0.43419415583812226,0.28510848507091846,0.3124947288598711,0.1554354866568776,0.28479805788773516,0.3462191155146485,0.3490937068059515,0.29953906000586045,0.46855655544102154,0.3104979236783494,0.3207070363841847,0.5661191631180694,0.4371365893350815,0.2580549099536844
JNJ,0.3138720699113786,0.29832100015100266,0.11220205989065829,0.25155348051427256,0.14494074017678715,0.1490719284831417,0.0733901516344729,0.1232431786980776,0.21217351186430458,0.395454688049839,0.22150549678626222,0.17751385990798418,0.193442979451174,0.34820975629734635,0.1892952712124799,0.2988147084064973,0.16370483698126645,0.13015417267140758,0.13989636627594976,0.19300835107561076,0.3468940589946567,0.331126832042657,0.2963763032933671,0.31085410892118587,0.32862592587113976,0.2878124980745742,0.30015199807004034,0.39358300200203,0.2720516442688051,0.3296800903382291,1.0,0.5061991608536852,0.5150422450054236,0.4467725673774326,0.41116366952606503,0.390347310202056,0.38322236036374707,0.5334506317026257,0.46224586553183006,0.361649138037864,0.5202776148373519,0.553603360486073,0.535355183093616,0.3677966745749296,0.3539808011693894,0.37521700426486965,0.41200187216331724,0.282312860154753,0.26231345151918256,0.3345357760461573,0.29621354398092253,0.30289844441372493,0.23763871936674777,0.22040828038521534,0.41605684629300566,0.3780914535232243,0.3474201600317165,0.30965961410503023,0.3738111801404511,0.379572412804534,0.2841512862438304,0.32482978441348737,0.24019173298397975,0.21299234553645344,0.19065629009119323,0.23579448771367204,0.22756650790722757,0.19018170494686476,0.27634714072612215,0.2074972055618427,0.25866940636116337,0.12919152633843617,0.3488162076520631,0.3968616526682392,0.38502143153967394,0.30286371130665285,0.25263371875115714,0.22418622917671538,0.39486182593215874,0.49656152625254096,0.5011921687378466,0.4609390835230545,0.4037417404143868,0.43317681120212803,0.41199941526580786,0.2150461349300783,0.3491559615737345,0.32680748691467304
PFE,0.2958934634408625,0.2910480634146173,0.15659878433773208,0.24542686803993707,0.1758505588324927,0.18754010479706995,0.09814900400175303,0.1627522340090997,0.24510356922177365,0.37290408956371374,0.24017099786919618,0.19456349479691237,0.2304641262723808,0.34642596166767536,0.2318695656541126,0.29055358616890264,0.2142692453765028,0.1735423572142869,0.17676320834140596,0.23250958987114628,0.32903449619074365,0.31904292436544485,0.2883556536417932,0.29543364238620057,0.31625355130361155,0.2989682784348288,0.2993834275144887,0.36223286967804696,0.23848677444497215,0.32626264955229495,0.5061991608536852,1.0,0.4745034503965004,0.44754475477328576,0.3839435187751983,0.436338542562316,0.44859770848595004,0.402693899420705,0.4731792457984003,0.30438227915191113,0.39250611938109364,0.40648185759101907,0.3663445499795652,0.267381693320706,0.24392977228832463,0.33161824648637506,0.28436489788055747,0.2776644443895349,0.25992961975235285,0.27332587711354966,0.2926753658858473,0.2706710978252824,0.24497433557381773,0.21114921272143686,0.3722913810697397,0.2983856587935899,0.2883991181642863,0.3138258909153011,0.3066600549348223,0.3506556867570211,0.2545545149654601,0.2834908640383682,0.23786749490691983,0.21682735185339702,0.19162006919084584,0.25370311131092976,0.24739808961823573,0.19709572157446076,0.24004173414471505,0.23485756145566966,0.2610037543965131,0.13325002052314416,0.2954310255848731,0.3383538173625646,0.3196806067609344,0.24892536269165735,0.24725505006803208,0.1956426749525219,0.3073072220445309,0.36040787454247497,0.35891801370819887,0.3368133532818085,0.37359306468464476,0.35635980431827924,0.345688323541313,0.2353257670762774,0.28384930941018094,0.27521177271221436
MRK,0.2837747095422496,0.25953694873048133,0.12832102075539087,0.21945110497900136,0.16861218250353638,0.14553439014586628,0.09579285645494975,0.11491256196754286,0.18571847633520877,0.3102434880722672,0.1951792446351035,0.1836767249758909,0.1609858480044142,0.28747575769733996,0.17659970957101864,0.2790155806553511,0.1577922831171393,0.16294186123301058,0.150826364750687,0.2017512997140501,0.2997677304718198,0.2821514831962194,0.24893134496877015,0.2665128145074065,0.26993707571244846,0.2605051109258754,0.2589442492103288,0.31996651982429514,0.227199505801159,0.29145924356491343,0.5150422450054236,0.4745034503965004,1.0,0.44721472629582826,0.44106578592264745,0.4358864634449214,0.4003601794792791,0.42278921804726816,0.4647917246431255,0.29594172175395916,0.4149137179791009,0.4322620597884813,0.4281446243982914,0.26509268689863424,0.25789267181120373,0.30709466270997476,0.3735091739439608,0.27156913848725334,0.2687356087183457,0.2806519681161186,0.26172589349033,0.27485187340055567,0.1920233464599753,0.2216302151663316,0.35909507316664085,0.29706228711418103,0.30607089621823047,0.2616612510814437,0.3160883947878562,0.276698279384277,0.2573242387682223,0.30069139280486046,0.24776423453700702,0.2265524932546982,0.178896871130639,0.23507391718154896,0.2209155346888525,0.1819586195463957,0.27030812258499665,0.21456039525781911,0.20692303691357536,0.11687840934649864,0.2720412382234943,0.33061617812564864,0.30749203400821,0.25719536045632335,0.20426059205075336,0.200687146602482,0.30798144250396187,0.35969811764639575,0.3600710177515029,0.33121712016241306,0.3497485317881389,0.33912827233949716,0.338042104636341,0.1999437535286944,0.31702209581815893,0.28707002519247365
ABBV,0.28192174508179446,0.2990110332011577,0.19135965511614664,0.2693061864476454,0.1739403736143951,0.1734210719659752,0.1181775444391818,0.1713856284118318,0.2578609569852272,0.3596369867073016,0.2596309902007799,0.21924337101351002,0.19914716236312907,0.30850057827680516,0.22029815894560936,0.2985003774446224,0.22211898723977871,0.2016418471445481,0.21416565029577941,0.25802244206276587,0.3268306344616625,0.31593506231002344,0.28463539454696984,0.29634955756744763,0.30506529800857207,0.3140546457269167,0.29827214509387506,0.3406391061929651,0.24275959533270064,0.3055432555003064,0.4467725673774326,0.44754475477328576,0.44721472629582826,1.0,0.3743094456008462,0.3644655966072994,0.37819077665205875,0.4094758425707326,0.4357812655733234,0.33834016574521797,0.37351331451565767,0.3808773179592657,0.35091511034744016,0.26471951391433557,0.2532907186374998,0.3426577082941646,0.3223465974493677,0.2526880243553582,0.2389913900476681,0.31738847338474263,0.28899620882658844,0.2871630221269607,0.2269912456055697,0.23176343362685542,0.3439484896745469,0.27601026926594663,0.3249458555070487,0.2925095137821262,0.3241534617105179,0.3176258254094081,0.27915701750191346,0.31777017729620605,0.28521696541997343,0.2534667809580333,0.22925312351711133,0.2868643611977877,0.28495521483476627,0.22697074346782345,0.316065461885485,0.28318740950757965,0.23722050946903914,0.14866621935333466,0.3112139348343354,0.2930065511736036,0.30282442665843584,0.28485499199430736,0.23505946152746132,0.24229642860466571,0.2654140766765002,0.3059671072227385,0.29018249637821186,0.2653315701957366,0.3213933809914494,0.29491593115125203,0.29623388132145556,0.2545743080445495,0.30365169137330683,0.24358186380974714
LLY,0.27902582691131306,0.2996551945757206,0.2194104990437366,0.26193380433456637,0.2110840567330044,0.2106336762597939,0.10136387252890855,0.183897218871836,0.1946571331349667,0.2921296447677472,0.2595382830678678,0.22532179252235773,0.2455768591365735,0.2561650075042993,0.22328182783685938,0.25277853449150683,0.231958923218167,0.20847251021798693,0.17525656229858202,0.23833475605389307,0.23666020996788,0.21397743697115873,0.20846863235213067,0.2327961696673919,0.2351341646004724,0.20882717372067955,0.21779897487028282,0.28072454342026265,0.18515847656151183,0.19220878223450785,0.41116366952606503,0.3839435187751983,0.44106578592264745,0.3743094456008462,1.0,0.32796485048796137,0.3313046999165319,0.3391734295748049,0.37485450608409043,0.24019031700932417,0.2843326854364793,0.32025201027639294,0.33336879218595183,0.31918997903438845,0.2724784776838266,0.3031733539669903,0.2199924636551658,0.22518305143048384,0.20853402355470943,0.25427237837675304,0.22727217919780227,0.1888455610916514,0.16917772605650233,0.21495860068527695,0.2884229126618157,0.24098965228822483,0.21509519966081786,0.22189760476009765,0.2331927283607528,0.2266456912604108,0.18012543243428217,0.18921958502782898,0.1714055259249045,0.14310167666696036,0.14198629054744924,0.16878067594866233,0.15837447336389754,0.14363280075488452,0.18486910719156566,0.14263275825922644,0.2084125726915797,0.17952793771986683,0.24614523144361317,0.22746590060808136,0.21225541918303864,0.22877038735062108,0.1957520236722469,0.19918329455745684,0.2564663538352651,0.27708132238678096,0.289569274487593,0.2594269586554129,0.30201810579139915,0.26673876936671237,0.26367448237315916,0.1498031004184263,0.1987068666247085,0.28669006843421585
TMO,0.4706115706245859,0.48929793915539277,0.4079933514806284,0.432047470937079,0.3422263146052021,0.40704051387700574,0.2781347530116462,0.3623031032208588,0.3376624464443712,0.43570727040026536,0.4569495725945064,0.4231032053048828,0.31782872941357243,0.3587726795677419,0.3838146081424716,0.4186478414455103,0.4522372987460406,0.3457652920117501,0.3526154641426849,0.41284227595866896,0.3471061172269473,0.35475412232541975,0.2958018881607055,0.37274961277332375,0.40833632369089073,0.3550304160578338,0.3699797885819597,0.5093829523924671,0.3024184879642285,0.3457260903520775,0.390347310202056,0.436338542562316,0.4358864634449214,0.3644655966072994,0.32796485048796137,1.0,0.7953061606734422,0.5681210722309202,0.3751820807440253,0.24872548705886682,0.3173273466564255,0.3627172899763635,0.36603917871777014,0.38184575553034494,0.26537524493580233,0.45117757502819555,0.3459701372711935,0.3731181543749654,0.40276376615701803,0.41673834689073813,0.3532787267122454,0.3247634926272402,0.2508821027642794,0.25735383544375035,0.42342441453218005,0.2614432167022874,0.29743536371688406,0.3906658755872463,0.38578336983552924,0.39313519192447893,0.19943166179192326,0.26576212652139414,0.22387692916026586,0.19951446352194876,0.16588134252150757,0.2086923159615114,0.2226687214446153,0.17764881867261212,0.2439003504417962,0.17806032605694624,0.3367060443276118,0.26678898641784843,0.28239582876327823,0.22814549511582916,0.21911601329860214,0.2467289578142605,0.2832765219424594,0.28382496810170377,0.3331083827130454,0.27312451078554983,0.3048352284230811,0.2677488762581878,0.49886300595276895,0.39281953671810294,0.38055763758714645,0.17045943754222764,0.2723837524076079,0.43621045735792224
DHR,0.47230833031219094,0.49688276750872384,0.39949373583123343,0.4279481785785421,0.3492784441594438,0.3913355683516231,0.27875710477777305,0.3540418126838811,0.34088960524519646,0.4327509087145006,0.45642499270417775,0.4198199058463191,0.3181454537403806,0.31975654463687897,0.40361878467835577,0.44195204314459163,0.4553566770784185,0.3653002004481887,0.3581013257198206,0.4226768984755197,0.36882341019202963,0.37596148885276914,0.32385011460918817,0.4120346792217918,0.4288386716758206,0.3757925046956491,0.3910776562424666,0.5255453061638411,0.33022139372495735,0.37686213769746446,0.38322236036374707,0.44859770848595004,0.4003601794792791,0.37819077665205875,0.3313046999165319,0.7953061606734422,1.0,0.5548789037531346,0.36394386463088313,0.27994949000898994,0.3428044905823242,0.39127187700421,0.3751290584950019,0.3960855853150087,0.2684649494611845,0.48869927532043533,0.3643757436831015,0.39061453330771,0.40381526164496195,0.4569326664163216,0.35517700939802427,0.354543019761232,0.29540785458079494,0.2885916473835795,0.44185076322348227,0.2766276216754955,0.31120897699776434,0.40134635563940163,0.42204142670708655,0.39275798970714665,0.22060226263198668,0.28436834968699687,0.23644690614967181,0.21157212102910458,0.1782603663651123,0.22420743028302853,0.24567400880275023,0.18760411254911524,0.27538197664165553,0.20518227393616553,0.35078551163511046,0.2910482419679647,0.328997324156843,0.2650034534864665,0.23452402375929285,0.26555158526008726,0.3041260843827662,0.29646781189989857,0.37624391109814426,0.31279693839194816,0.32317671124859004,0.3036269120657307,0.5170655059264158,0.40947729410374506,0.395231808881342,0.24223045495135465,0.32648618830367904,0.43892425205056007
ABT,0.43421824943986576,0.46487138602607575,0.3244784133087806,0.3760892367906412,0.28568678712900103,0.32267505189894874,0.19545564773677063,0.2768258708138263,0.2900177218776521,0.44828824806191436,0.40916549314329187,0.36930746964846706,0.24927381007660748,0.3688822311987063,0.3230567341313218,0.393888312271202,0.3686753414529396,0.2729252151926647,0.2725123039576902,0.3311515168246396,0.3771897599378887,0.377306292397574,0.31256884033026405,0.36843715355042245,0.40326455594659416,0.3387282005982818,0.3628730517418887,0.49354435331985,0.3291814364454946,0.3376650323879218,0.5334506317026257,0.402693899420705,0.42278921804726816,0.4094758425707326,0.3391734295748049,0.5681210722309202,0.5548789037531346,1.0,0.36398780082928484,0.3126106194051921,0.447612537548373,0.45581489066779274,0.4704975955532824,0.41866916799060666,0.32086093477007055,0.4564695783877589,0.4163872943794143,0.37312035212191624,0.3650634201724625,0.4216060816948608,0.3134004006781206,0.346557959287101,0.2850353794038359,0.2869268021823725,0.4536019174329923,0.3351343804566492,0.33033903305317935,0.371448439357175,0.4061423657760245,0.3654033788632056,0.2279389132597188,0.2859483844346015,0.20928304350205526,0.18005519853010474,0.1594469005987893,0.2001741660912203,0.2204138276650395,0.16892705779299091,0.2762039503537244,0.18342101256663773,0.3233497702614967,0.2482876310170871,0.35553850412658056,0.34590527227826323,0.3530428870168875,0.36565770877461506,0.31550543053928787,0.29850456296997424,0.40258111214492975,0.4384235478682466,0.4320599361544993,0.3881840283781231,0.5099640789407967,0.4591378476626099,0.441197458225277,0.2104379311996108,0.3483450768491457,0.43964927867867687
BMY,0.2669358517389049,0.22583868206129346,0.11849097567146086,0.23002376009127812,0.14501560621981593,0.1434266988235476,0.1036954788733251,0.12868333148465094,0.1968745416329521,0.3294338745888243,0.19273669822377235,0.19664897112236002,0.15068245725353946,0.29888436278236635,0.1869622011260071,0.2811599665278343,0.16281587851730495,0.14280004417922432,0.15398397995274807,0.20643555165077065,0.2928579418105154,0.290692051642876,0.27682048071738624,0.2747471064803643,0.3055968652702102,0.284845423642935,0.279073613896655,0.3165792274627706,0.21942341082622643,0.29307028962825066,0.46224586553183006,0.4731792457984003,0.4647917246431255,0.4357812655733234,0.37485450608409043,0.3751820807440253,0.36394386463088313,0.36398780082928484,1.0,0.3011505307885094,0.3466303911020858,0.38562639799749393,0.34698074895362546,0.20780949647289684,0.22893309677943408,0.317750010759811,0.3104435290307476,0.25702756155287143,0.2523907850128631,0.29193767258882714,0.27900976465010074,0.28836121048162827,0.2045599755268245,0.2115613264352987,0.368304793839446,0.2944856273330235,0.31628503184491286,0.2728880540492953,0.3175731584871877,0.31837155426035113,0.24486017100029323,0.290636844047948,0.24940869701183965,0.21820628074644408,0.20300028669284317,0.23871105925983258,0.24169518938649343,0.1773323340205926,0.2962245338169345,0.21516717616258374,0.24597835591152134,0.12481073702549644,0.2971986836059404,0.2703994593305171,0.28742855497272785,0.23234301238933586,0.24035414528259103,0.1882348766207964,0.26776381991486725,0.3129199377052858,0.30720440392519227,0.27966433598858215,0.31423698040130066,0.25499008500666515,0.2624038028407467,0.23125046055842327,0.299789994652132,0.2316798244206496
CVS,0.25234496243339555,0.25276703115753413,0.1603111934613612,0.2010852355275505,0.13570023911723933,0.1512149375170361,0.1281430414555557,0.18816900754450971,0.23006129181500265,0.3280402765886626,0.17579809850251701,0.1610436280862065,0.21495644533435432,0.31230708682011704,0.20764546347640028,0.29139356006865663,0.12468555439636242,0.1797084043744111,0.20708954045996752,0.21763736187340266,0.3952857768968122,0.3951871917898999,0.3722917246134694,0.364171815111002,0.3617193274947145,0.3681780913490386,0.34311471128055715,0.34035163748380143,0.30984193567398194,0.38480951543005604,0.361649138037864,0.30438227915191113,0.29594172175395916,0.33834016574521797,0.24019031700932417,0.24872548705886682,0.27994949000898994,0.3126106194051921,0.3011505307885094,1.0,0.34953132058078107,0.35094439164136687,0.31178595302910733,0.29127718402791397,0.30541062082801224,0.3387809358784878,0.29958986388456865,0.31298261514274106,0.20078281031455048,0.2977229481347114,0.30849968747284395,0.29746500717684754,0.2588565999685135,0.2826998138213212,0.34671649948853195,0.29806891136145597,0.3291889754561521,0.3115154442141753,0.3396304462441909,0.32250963087377327,0.2977834708001415,0.308286775178714,0.2689308003852813,0.281524655591001,0.24957269211176034,0.27167879023736125,0.2951152782412582,0.22529686546161307,0.30205468393113055,0.28501204692852067,0.25424492403655197,0.1293710507875788,0.3274828060134445,0.33297140868967945,0.359300617136877,0.305387391572614,0.21938008900847566,0.18277320548154743,0.23248020489483617,0.30830486985984923,0.3094606848345884,0.27922422558309107,0.3017673425990543,0.22887828323697904,0.2410345016482148,0.26827052764515613,0.2788802209528559,0.2094256978129551
KO,0.3492089822341003,0.33022525665994495,0.14214475493306628,0.2786065819871395,0.16395360473779358,0.16214176361729615,0.12091758232291727,0.13673536114345228,0.23346573343465596,0.38766456160210616,0.26687977703512883,0.22021080339437124,0.1956002037488101,0.4102216729821532,0.22393995446725215,0.30517784369298695,0.1835367530244924,0.18659107638476763,0.15677644030989454,0.23470769436786895,0.4287353352541309,0.4065018170532919,0.38342848023743914,0.34975680289146677,0.3732580385118592,0.38138042110239007,0.4258447639976739,0.43186416314307746,0.3220033586264287,0.41391825311962693,0.5202776148373519,0.39250611938109364,0.4149137179791009,0.37351331451565767,0.2843326854364793,0.3173273466564255,0.3428044905823242,0.447612537548373,0.3466303911020858,0.34953132058078107,1.0,0.7139562716811083,0.6274118759961484,0.40524753993165125,0.3690396006729995,0.43875251462228393,0.5340083865848186,0.391097642818444,0.3417983287081188,0.38451837247180837,0.3113395485760554,0.3587924748839914,0.3613893851221297,0.3262937990929701,0.517889998558912,0.4445597435419251,0.4700328715612498,0.3206987937375777,0.43813342545327383,0.4092266299425147,0.3691826991382496,0.3802520906879376,0.2908592809959039,0.2890661146391767,0.25699377899619674,0.31561879916622004,0.33136699882636006,0.2813876953752291,0.37023121497016503,0.29800012348514676,0.3644008484579064,0.12333929956457869,0.41051894638513153,0.4544786489111739,0.46636121195909996,0.3850686705373572,0.26268099844688747,0.221775469666609,0.5009477027389286,0.6104518862188241,0.5947867718893189,0.5626478639790043,0.4821084463918621,0.4981156757398491,0.48566462001816607,0.4128828506362039,0.5048748093834539,0.3688909131699922
PEP,0.4010948247267972,0.3741285715937431,0.1860478282560764,0.2851891430704243,0.19798869006165254,0.20312174056865462,0.13954375468569435,0.16997779132439705,0.2743757027102373,0.41824053198597716,0.31724448743712963,0.2536415094026293,0.251088983457531,0.36950577077398655,0.26759624890173567,0.34971628506571956,0.2106204041670277,0.21105936748093787,0.17667227276250672,0.26580570801022707,0.34554168148634823,0.3355279644710802,0.30476929013264176,0.31491565658004406,0.3390812588308152,0.303984901486583,0.33187069464763524,0.42236344595723985,0.2601775067075854,0.32095601150887737,0.553603360486073,0.40648185759101907,0.4322620597884813,0.3808773179592657,0.32025201027639294,0.3627172899763635,0.39127187700421,0.45581489066779274,0.38562639799749393,0.35094439164136687,0.7139562716811083,1.0,0.6864138104028548,0.454999908559331,0.44562937525903046,0.49410463131707516,0.5192468091128499,0.4029685638191874,0.33156882688260975,0.4295399921009653,0.2638821059356349,0.3199156984445068,0.2560431696120795,0.2089962518284861,0.4336903479356045,0.3940428948703862,0.33676686788236765,0.3396179768182493,0.39155776708328016,0.36063559080172425,0.29934349457122555,0.3119908888600615,0.24158107555482183,0.20618732019315986,0.18247592779772828,0.22823142089430293,0.22233118194214463,0.18606732918198404,0.267621943905846,0.2029480827466081,0.31774885791403606,0.16148937743476746,0.41825186961852956,0.44082162119408885,0.4040494624816332,0.41820305259034396,0.31145686212815515,0.2778885160413802,0.5150614527544006,0.5991891498290779,0.5891439273302571,0.5584715681109698,0.49164311970052016,0.5052436482973846,0.4840396418861955,0.2963783029523484,0.46406296586735335,0.4172421340229114
PG,0.35405333916272036,0.3399384872525296,0.1566189571708285,0.25558968754604944,0.1863776454339683,0.1843243890082263,0.09795427167356412,0.13971029804156287,0.22587014105256997,0.3825741427890055,0.2669130353653034,0.19985245908306748,0.22059937631442542,0.3517225072752034,0.24154924710685569,0.3048444057812874,0.17540407643539482,0.1569138656972166,0.14309063468552277,0.22402431925107696,0.30352983977122683,0.30332132275117357,0.273019582259849,0.2681335186481776,0.28477279733557137,0.2612961752603926,0.29053054890832475,0.38024331560133123,0.23984423953005551,0.291152517447623,0.535355183093616,0.3663445499795652,0.4281446243982914,0.35091511034744016,0.33336879218595183,0.36603917871777014,0.3751290584950019,0.4704975955532824,0.34698074895362546,0.31178595302910733,0.6274118759961484,0.6864138104028548,1.0,0.45330936346226214,0.4599698620726079,0.43685593082945917,0.45364238796740686,0.3320742101218358,0.3190710614908719,0.37331063418967014,0.2237268999674666,0.2939426329834588,0.21233718032783602,0.2137207223362512,0.40209275904665964,0.35143536213960364,0.29462429749423236,0.35909667454458943,0.3717467481369321,0.34876820656951585,0.21390221577420976,0.21946453141824954,0.16852311866026254,0.14716670654426192,0.13143932519469315,0.16242042642476395,0.1594960530480064,0.1464144166286396,0.23004737429789332,0.11657254427313406,0.2787073742457069,0.14275575601345078,0.3677610930861797,0.452022579033005,0.407561958861739,0.3549188142195024,0.2662059914640207,0.21792671187536333,0.48548970809933245,0.5575896513885017,0.5549524120082268,0.5339064668843404,0.44563771072735947,0.4776462002128759,0.461516982374203,0.2041092729920219,0.36816576477668583,0.41436122700792305
COST,0.49594122218751197,0.5139664863508832,0.4045444267242364,0.41333532576632476,0.362121452732823,0.4496462198637986,0.2985203753957466,0.3524553678115375,0.31253309397022694,0.44260053508644137,0.472069886701595,0.38656452227239707,0.299731152626748,0.3330349362332908,0.39982322575731166,0.4495334001784637,0.3902552758136324,0.36846575020671135,0.31363785416127504,0.4101652902007203,0.31287057643771327,0.30119454367118065,0.27391861238638554,0.34660079887555173,0.3446789581859353,0.27923195200759443,0.3187167520073543,0.45247111563530196,0.3016799285024982,0.265740675803052,0.3677966745749296,0.267381693320706,0.26509268689863424,0.26471951391433557,0.31918997903438845,0.38184575553034494,0.3960855853150087,0.41866916799060666,0.20780949647289684,0.29127718402791397,0.40524753993165125,0.454999908559331,0.45330936346226214,1.0,0.5933241039552825,0.5215085108866019,0.37147989107630963,0.36050567735040306,0.3500450902907406,0.42679015134711945,0.2849671150375789,0.3074329782415982,0.2647702463959826,0.23970355931100748,0.38455559030964315,0.29619978173413597,0.2785015862693793,0.3620217599881136,0.34774825384924163,0.33775117832991014,0.1927061718998239,0.2147054735767211,0.15887116674753854,0.15083714662452619,0.13557664035012218,0.1593226524113718,0.18258427890732226,0.13617115339618954,0.22691872361242282,0.15736781009327186,0.29643936773171786,0.3586295579797422,0.34383582045353456,0.25744255504291685,0.2610960473146729,0.3746795615726019,0.29000084580481833,0.2873274117669517,0.330430679052776,0.32822088566838953,0.31866196842822664,0.3206400224700807,0.43007110120414066,0.3572497043310195,0.3435286068565185,0.22615050225390945,0.27609198253318756,0.4135856238346682
WMT,0.3381884722926991,0.32999243453703714,0.21784887560162552,0.2610260880142812,0.20758445093880717,0.27584035393388917,0.16945307747832983,0.19208909425733758,0.21979170143451393,0.35623337696675167,0.26087781483533523,0.21259704346721717,0.22441362550323088,0.26724507788300883,0.21933110813860102,0.2971610773400469,0.19748619868514067,0.19687530145984478,0.17023739939656893,0.23408208823424298,0.2631242606882783,0.2682970059805969,0.24346923829003092,0.2708372413384357,0.28090749265516307,0.2236610014625219,0.23487109473357567,0.33207399330430104,0.24945544585672438,0.22776534677252339,0.3539808011693894,0.24392977228832463,0.25789267181120373,0.2532907186374998,0.2724784776838266,0.26537524493580233,0.2684649494611845,0.32086093477007055,0.22893309677943408,0.30541062082801224,0.3690396006729995,0.44562937525903046,0.4599698620726079,0.5933241039552825,1.0,0.4098433568572123,0.3198019372964261,0.27122541461842137,0.25700302857285606,0.3291919582390539,0.24912593572732378,0.2823418174665278,0.19657229000783807,0.18286324310691934,0.28953599877310654,0.2741018333945731,0.21837849746081,0.30090716731032036,0.26996702384642896,0.282876426406314,0.18334038888320905,0.18756785488636146,0.15739622319478716,0.13319983814146819,0.13785321814232557,0.16175299269337007,0.16228594695187884,0.09872359363735919,0.1907043815292649,0.13720793609804333,0.24503369563774427,0.21489502544890532,0.28700545597661425,0.29099642966290395,0.2795568942023713,0.2867909111166969,0.22276314756748966,0.21001932762060374,0.31034953269758675,0.34243667742522255,0.34066742154729873,0.3183464803593366,0.3468239832939381,0.2990250500545011,0.28563884925866734,0.16300226949001725,0.18983641598135165,0.3346658299294475
HD,0.5168469156298457,0.5190085555132875,0.42503081623371886,0.4426617076167651,0.3984861773242398,0.426745507482513,0.31246392725572414,0.36907579531551526,0.363140374530323,0.4875827423711761,0.4795966129287196,0.4265759461257957,0.3273185764086589,0.42486912844333186,0.4603079556395635,0.5085465502697473,0.40740092144167994,0.42347536194680857,0.3845868043929473,0.47543367371090917,0.4873222008611198,0.4892616370973369,0.4480085362136404,0.5257010833795395,0.5250238892995885,0.491520346241787,0.499388773856875,0.6172598200623717,0.3777857115491076,0.4661922394622402,0.37521700426486965,0.33161824648637506,0.30709466270997476,0.3426577082941646,0.3031733539669903,0.45117757502819555,0.48869927532043533,0.4564695783877589,0.317750010759811,0.3387809358784878,0.43875251462228393,0.49410463131707516,0.43685593082945917,0.5215085108866019,0.4098433568572123,1.0,0.5123992850576331,0.4846698543157081,0.49996021560164505,0.8364969339175831,0.4433566618463748,0.48769625899812363,0.42362875944522366,0.36147070323739516,0.540065450442356,0.3323703181819618,0.4137765276860554,0.48106206742461194,0.5502876983103651,0.48552143317907,0.3142097137877922,0.39201917703420924,0.3107714937397208,0.3148260263597555,0.2680501310095202,0.3020536717049296,0.3355938487814052,0.2570433957764155,0.3831602466391736,0.27192577166791454,0.4671346819111604,0.29935804062401067,0.4519122231643244,0.3100361825263075,0.34320703896211957,0.38943248129952085,0.39177528877927037,0.31114770873248504,0.42334395283692283,0.4084663679255953,0.4002903216717106,0.3617887013331353,0.5910714881995393,0.4531113354941628,0.4375959501572432,0.46832756838316997,0.4988079083626765,0.46161004925431476
MCD,0.3962493634054201,0.38875713721273114,0.24366872065961773,0.3299957245232083,0.2642267938881405,0.2251261584920869,0.22813077164129747,0.21153771538529115,0.22335162055712834,0.40434974928465806,0.3234507366860341,0.3095125893236009,0.2318700278786142,0.3817170499527539,0.30139463391625376,0.34853641216414377,0.24440095966722855,0.30462335813499686,0.21874524753838556,0.2852795200431677,0.4400671097636309,0.41880708758697954,0.38840856668589513,0.40114059914422057,0.4239318934439438,0.4302399938721256,0.4577614597178998,0.47433068738492135,0.32032326763484453,0.4042518966653947,0.41200187216331724,0.28436489788055747,0.3735091739439608,0.3223465974493677,0.2199924636551658,0.3459701372711935,0.3643757436831015,0.4163872943794143,0.3104435290307476,0.29958986388456865,0.5340083865848186,0.5192468091128499,0.45364238796740686,0.37147989107630963,0.3198019372964261,0.5123992850576331,1.0,0.4982458096965726,0.38951610100777057,0.4913380116006164,0.308236934982351,0.37603676280006004,0.39138277294517676,0.3317612854119447,0.519252433265784,0.3555124037994958,0.4580592757585055,0.3027168610753869,0.46333351062220235,0.3769140157296087,0.3311547787146778,0.40443623322393796,0.33932039945556264,0.3011992984193202,0.26959984924306385,0.314120167389298,0.3044154393381739,0.23259327266804028,0.43031173069593,0.27336803355069783,0.3932941705018548,0.18791911543584167,0.3738981090026731,0.3267333916868563,0.36796038416847016,0.3809142378796017,0.3059611893485986,0.21428144348253647,0.42209725874290305,0.4680792784817996,0.45726198764199627,0.37901765289851724,0.445015592493146,0.4482764396028222,0.4267503644084836,0.4290996333884289,0.5450785094821743,0.37072292964804165
SBUX,0.4624289234466586,0.44984223949630114,0.37062742001355165,0.40524774144477455,0.36305221487439815,0.370753593402411,0.29653182108758036,0.3503746721940569,0.312202342864158,0.4554127944922396,0.4022012375026949,0.3678332348879412,0.3091558635683466,0.3693853891702996,0.41181749453115124,0.4492762353897122,0.34461326943799225,0.4028728707177169,0.38526838795152074,0.4339577186437042,0.480818233789928,0.47961948635606877,0.4291314322816836,0.4880765150548035,0.494310547544984,0.4847548588056845,0.5211979118444093,0.5291431528219297,0.3592338190165082,0.4561864420323777,0.282312860154753,0.2776644443895349,0.27156913848725334,0.2526880243553582,0.22518305143048384,0.3731181543749654,0.39061453330771,0.37312035212191624,0.25702756155287143,0.31298261514274106,0.391097642818444,0.4029685638191874,0.3320742101218358,0.36050567735040306,0.27122541461842137,0.4846698543157081,0.4982458096965726,1.0,0.4996862084546763,0.4505585372572689,0.3804170558518802,0.3862607885102361,0.4347271013582161,0.35363997971157074,0.49287470439960324,0.24009576406475935,0.4004629833401252,0.3804277315948073,0.44507962956867775,0.3898830310631444,0.3227848977237445,0.37280934864453774,0.3461163039580917,0.3337449951035606,0.280295006472015,0.35467733564911824,0.3381230197129677,0.29398696237846056,0.3643263424418356,0.321437826382088,0.4864687112418481,0.27009605171883205,0.4035750311011012,0.2293707307170305,0.27750637838859327,0.3614775737723606,0.3095101484708952,0.22460223813559368,0.3377561519818628,0.30392983430360876,0.3059996776256299,0.26356618804018483,0.4637480874543327,0.3390547250190282,0.32958811168428487,0.45031746733329964,0.4212461789242039,0.39061156849738976
NKE,0.461652212345594,0.43045839764251964,0.36332235586247386,0.3971652579025985,0.34906974232720384,0.3962338719003834,0.28247245868093895,0.32709148637864083,0.29858749670782536,0.41462053312248776,0.39467184790967824,0.3738943492724702,0.27143456372472946,0.34421827137445776,0.402283620753087,0.42790334901879057,0.3570728518629109,0.35317909330892255,0.3494818084866309,0.4018448095745258,0.4136905848044381,0.4149025368220252,0.376500807391942,0.43145641904185844,0.4597824626158368,0.4238998608524767,0.4632735001926195,0.5254343564554763,0.3618331712452922,0.41421590191394236,0.26231345151918256,0.25992961975235285,0.2687356087183457,0.2389913900476681,0.20853402355470943,0.40276376615701803,0.40381526164496195,0.3650634201724625,0.2523907850128631,0.20078281031455048,0.3417983287081188,0.33156882688260975,0.3190710614908719,0.3500450902907406,0.25700302857285606,0.49996021560164505,0.38951610100777057,0.4996862084546763,1.0,0.48251733464417357,0.38864870513180916,0.40038341657526805,0.3928389782494592,0.33073166570274415,0.4958223855423229,0.236890951780641,0.3655707772227276,0.4069125303420579,0.4546909724701951,0.40513484981638687,0.31567435912757424,0.3415209777645653,0.30749004503705235,0.3005587023256956,0.2614026371433286,0.3299194054645895,0.33601627872214634,0.24932282548579304,0.31842458084115943,0.2888001574689686,0.46049699804683336,0.286042865767072,0.3515890757757559,0.20808422748952454,0.2421438248025366,0.270780514649446,0.2845423502161031,0.2266809636383292,0.32043612099850993,0.2494352462869851,0.28642877424849267,0.23777239220614985,0.4375944489244707,0.3021952411881144,0.27700802517817424,0.3738758364631924,0.35144429195309956,0.3318623261020851
LOW,0.47641544768807503,0.47325061036146665,0.393261345987423,0.4117057274681119,0.37133494147099194,0.3793840059207248,0.30136219793153163,0.3367119867832908,0.3350229031746577,0.44387961374936885,0.4410526786795053,0.39911227124604637,0.29280360021312357,0.38976439166417504,0.43389010842396936,0.46002401481344424,0.38003705222100004,0.4097469030415905,0.3640008124199473,0.4395297008373,0.45339201810661434,0.46419403492686856,0.4145591756331743,0.5010719875684109,0.4948262343702486,0.47733002867937674,0.4733151054509126,0.588613719634778,0.36793039880648304,0.44400124883546205,0.3345357760461573,0.27332587711354966,0.2806519681161186,0.31738847338474263,0.25427237837675304,0.41673834689073813,0.4569326664163216,0.4216060816948608,0.29193767258882714,0.2977229481347114,0.38451837247180837,0.4295399921009653,0.37331063418967014,0.42679015134711945,0.3291919582390539,0.8364969339175831,0.4913380116006164,0.4505585372572689,0.48251733464417357,1.0,0.436687170602293,0.47765080578197294,0.40896849153534165,0.35918039018493864,0.5170819308589955,0.3075704886464417,0.3988678727524988,0.43489389681227036,0.5406816796392069,0.4587358064388099,0.32226638653934636,0.3898743339078641,0.3183452305933586,0.3352041267777239,0.2823459087007566,0.3191158758882484,0.36487726736102466,0.2736141401832243,0.40166520735303846,0.29337920595111905,0.42349186997209465,0.26670124653220967,0.4048953666173807,0.27629878392000146,0.3065572771378573,0.36270348947210124,0.36635643997061335,0.2860062994828804,0.37847909838374,0.35075591747494356,0.33424415232526133,0.29880971102586706,0.5357350804525274,0.4039800716947537,0.38868130755556285,0.4624683830120813,0.4770614545345557,0.4033513217069215
CAT,0.3954257323505189,0.366942751990269,0.38174566223449663,0.4016283319704287,0.27970750590155696,0.3277250359685898,0.25108071039034996,0.3517182119038016,0.3762999258463794,0.47763883002734125,0.27692859175833007,0.2983473543167812,0.34836620841976823,0.4334769975495449,0.42452856855627724,0.496475517434779,0.27024157690820977,0.4267518487127632,0.4560596709727066,0.4924997326556294,0.6056307426277606,0.6082717779759014,0.5429935141453759,0.6270681932324023,0.6275930895565794,0.5979859853474269,0.5675157305619409,0.5820918943628918,0.5205528168272467,0.5703149495261258,0.29621354398092253,0.2926753658858473,0.26172589349033,0.28899620882658844,0.22727217919780227,0.3532787267122454,0.35517700939802427,0.3134004006781206,0.27900976465010074,0.30849968747284395,0.3113395485760554,0.2638821059356349,0.2237268999674666,0.2849671150375789,0.24912593572732378,0.4433566618463748,0.308236934982351,0.3804170558518802,0.38864870513180916,0.436687170602293,1.0,0.6911228564510004,0.46122532749667666,0.5104332520730424,0.5997444808949297,0.3450662633433268,0.4950332394632694,0.4431346526489756,0.5644977301449347,0.5540143790268455,0.520765035251574,0.5270061628746456,0.5112082174883302,0.5698064880775273,0.483196018105664,0.5266040222526687,0.49487309241898053,0.4454014185619825,0.4821694854079138,0.490213579716114,0.45277692851786183,0.21122647323051305,0.3999159331479965,0.24208021021804546,0.3166670679468973,0.24475996515091916,0.2609915854890429,0.21780534835112345,0.23595771725315795,0.23003657930560925,0.24535681941946702,0.21420942989954725,0.3986194951295724,0.2159086325943836,0.23394834217125274,0.4172617735215223,0.28828336021834305,0.2553879389598705
DE,0.39137654841958325,0.3440616358408063,0.3241539658928473,0.3349734127890878,0.24089683429194675,0.2835718632418917,0.24520717339432221,0.2894261451460244,0.30537832760063255,0.4389569529705371,0.285916453074766,0.28730999084674536,0.2613121587213406,0.409787024547118,0.3695832790335625,0.4460941259445566,0.2597975605206098,0.35211488173734856,0.3573230321078422,0.39159643569777836,0.5417874316104181,0.5393183527685569,0.49004404830636006,0.5464605994521471,0.5559595110035438,0.5241953980769671,0.529069652630236,0.5250712527328847,0.45730366752159074,0.5051112791739131,0.30289844441372493,0.2706710978252824,0.27485187340055567,0.2871630221269607,0.1888455610916514,0.3247634926272402,0.354543019761232,0.346557959287101,0.28836121048162827,0.29746500717684754,0.3587924748839914,0.3199156984445068,0.2939426329834588,0.3074329782415982,0.2823418174665278,0.48769625899812363,0.37603676280006004,0.3862607885102361,0.40038341657526805,0.47765080578197294,0.6911228564510004,1.0,0.4814552266090284,0.440722605955319,0.5752942265444012,0.37747662368754675,0.5111275405376879,0.39001949304268213,0.5591897074387682,0.473010755908974,0.47433340653487727,0.4970094500762238,0.462713588188835,0.4864002892965661,0.4118612776209033,0.4478910440887827,0.4530434505267119,0.40732328300866494,0.44852853112351904,0.44077570081017703,0.4396488985887292,0.2074816335709825,0.3848081895239758,0.271305881264444,0.34246676489243627,0.3000169336628957,0.2618570323771326,0.20791840281268256,0.2935761315361482,0.29168310994708024,0.30804267057658175,0.2491767694734704,0.40498916046022926,0.25803469526438916,0.2638475825907793,0.42548919417365644,0.3756468388672626,0.25478902353808563
BA,0.4051154963989102,0.37834583705514646,0.34425762042632563,0.37152997211050715,0.3055034464603214,0.31693502326490963,0.3156146994072326,0.31035330303432107,0.3455577800084485,0.37695127036816833,0.30908240011674953,0.3279243619922026,0.2695100502331224,0.37823673032792177,0.3668763884955497,0.39235547628859596,0.30105639630524283,0.3789378181446485,0.3855753665939529,0.4210130488997273,0.5479129528828518,0.5316688950287038,0.5212672267531119,0.5336157005556785,0.5325501160735159,0.5754351597412455,0.5863493724985354,0.48762638298263966,0.4433817680258772,0.4998579384706815,0.23763871936674777,0.24497433557381773,0.1920233464599753,0.2269912456055697,0.16917772605650233,0.2508821027642794,0.29540785458079494,0.2850353794038359,0.2045599755268245,0.2588565999685135,0.3613893851221297,0.2560431696120795,0.21233718032783602,0.2647702463959826,0.19657229000783807,0.42362875944522366,0.39138277294517676,0.4347271013582161,0.3928389782494592,0.40896849153534165,0.46122532749667666,0.4814552266090284,1.0,0.5191868888038359,0.5691389621933256,0.3664936110769459,0.5993918877303653,0.3076376336408589,0.45793229768587174,0.3699652859595153,0.4357222918044069,0.4732723216166165,0.4311764094264348,0.44814142224640086,0.4036957539053253,0.45788017115763907,0.4837806116044389,0.4296498375836799,0.4574451049472911,0.4403890968379095,0.4676130572919339,0.2506518541445399,0.3471073001906844,0.17542423615279992,0.29134773965184163,0.2679103126974257,0.2650672665593121,0.21581755010739503,0.27704080690709887,0.27197660561687764,0.26715387664396967,0.2208767105902192,0.3968802610804284,0.24989026249161028,0.24794193436153172,0.5723365079535259,0.42814932683436097,0.2552379748705815
GE,0.34982181593566186,0.32322942504222985,0.33974955629286063,0.32744382985907233,0.29304600720419405,0.2777369369960785,0.24722049794984866,0.2876354895298236,0.30032358186927305,0.38053066120376783,0.25263560083091063,0.26456403119586985,0.30740593514416026,0.41034490915861566,0.33747294025848357,0.37043474748073607,0.23817910335210837,0.3671799888870788,0.3909034104076171,0.3989056140912329,0.5524386253396921,0.5425728433268033,0.5122225253806416,0.5387046573366557,0.5499068901978148,0.5661064221359824,0.5341185693306113,0.484039090252513,0.4557525610153576,0.4956478805218004,0.22040828038521534,0.21114921272143686,0.2216302151663316,0.23176343362685542,0.21495860068527695,0.25735383544375035,0.2885916473835795,0.2869268021823725,0.2115613264352987,0.2826998138213212,0.3262937990929701,0.2089962518284861,0.2137207223362512,0.23970355931100748,0.18286324310691934,0.36147070323739516,0.3317612854119447,0.35363997971157074,0.33073166570274415,0.35918039018493864,0.5104332520730424,0.440722605955319,0.5191868888038359,1.0,0.5439787223155521,0.32215370868277443,0.5173407457509165,0.30543340824157583,0.4269001126635213,0.4559347034991758,0.4172672780221307,0.4336668280087618,0.418062830181033,0.4452188049660097,0.3968786827645374,0.4237192243562539,0.4415174055413727,0.3909293051628489,0.4492406386088477,0.3970740874564133,0.41192156578611466,0.22530483198399415,0.30429199653470057,0.20759199641160456,0.3150201189793909,0.25127832029623454,0.22125767668905374,0.16377039316679404,0.23356815532453967,0.25581427701755055,0.2731340278833577,0.20492735914429083,0.36246106132741057,0.19672701595685907,0.21504812492141104,0.463318048653584,0.34759162442751623,0.23579487096584453
HON,0.47490308010022386,0.45838381456082256,0.3568915898630365,0.43059224471803315,0.35765359539748165,0.3286125647845131,0.27270659440389944,0.3181088564343227,0.3879851040714726,0.5309396743813874,0.3815477754284317,0.3504909679420403,0.3397228808407139,0.5049924071975112,0.4245398685756654,0.4850465107370787,0.31476328784100194,0.40339369003441095,0.38598685061472465,0.4621606626741977,0.645681320448797,0.6298731284689689,0.582339266019272,0.6196022758858415,0.6310274749967136,0.6262818319289074,0.6563294606388845,0.6322180203087737,0.5197291534937346,0.6115848625593429,0.41605684629300566,0.3722913810697397,0.35909507316664085,0.3439484896745469,0.2884229126618157,0.42342441453218005,0.44185076322348227,0.4536019174329923,0.368304793839446,0.34671649948853195,0.517889998558912,0.4336903479356045,0.40209275904665964,0.38455559030964315,0.28953599877310654,0.540065450442356,0.519252433265784,0.49287470439960324,0.4958223855423229,0.5170819308589955,0.5997444808949297,0.5752942265444012,0.5691389621933256,0.5439787223155521,1.0,0.4686610113256669,0.6323455833357092,0.43106336740677037,0.6326600243565699,0.5948607716687244,0.4901793271945359,0.54393543031691,0.49706734418375625,0.5030164063943352,0.43343428380366694,0.5140468690210503,0.5132634318450244,0.4151410541749773,0.5248683964995183,0.48868464700127273,0.5501598026473526,0.23511059215064595,0.467266836009415,0.3067383134254951,0.41820776404213167,0.3597543303321538,0.3331469740672726,0.23244402676056283,0.3988672901544767,0.4252955150864476,0.4135624713728783,0.3574603962548577,0.49282889143837627,0.3711229840473683,0.37106711518875424,0.5579799778335427,0.5197355808914835,0.3532446173736812
LMT,0.26261810907237626,0.2632575394400497,0.15157759626682912,0.20650145421905883,0.13152385568573613,0.15027831510336584,0.09975461116788134,0.14982207740820955,0.1973230261382955,0.3431646024114257,0.22183821941393148,0.20635064315127982,0.24461696673496602,0.3731557377632418,0.17001946019432984,0.24648766599574312,0.18063736358550955,0.17891037691535724,0.1823524694368627,0.2244696908051757,0.35829634665854154,0.34308930899645235,0.3298737335200476,0.3101918875933391,0.32741962358139703,0.3226719817737092,0.3361167397040612,0.36499521290687875,0.3080009335887807,0.33522295778412076,0.3780914535232243,0.2983856587935899,0.29706228711418103,0.27601026926594663,0.24098965228822483,0.2614432167022874,0.2766276216754955,0.3351343804566492,0.2944856273330235,0.29806891136145597,0.4445597435419251,0.3940428948703862,0.35143536213960364,0.29619978173413597,0.2741018333945731,0.3323703181819618,0.3555124037994958,0.24009576406475935,0.236890951780641,0.3075704886464417,0.3450662633433268,0.37747662368754675,0.3664936110769459,0.32215370868277443,0.4686610113256669,1.0,0.539611411112579,0.23826984680323687,0.3516620996389805,0.3329291204780371,0.3714465913179897,0.3695380239391397,0.35479952573565987,0.30649333005174734,0.3289341712983017,0.3242897484281671,0.33342978307803567,0.3057396491847842,0.3364678448174843,0.30213089665372256,0.2676922733105546,0.1351116311856426,0.2611304517469017,0.27822719885404723,0.3371254875668827,0.26899710531978166,0.21523309078274594,0.20766075070068912,0.3174389027136034,0.4246870743921441,0.4380142187058424,0.39639598002490245,0.3285867937799155,0.3342543948577503,0.3165037394019237,0.24626848390337824,0.31987088867250824,0.267026789049361
RTX,0.3474101144021636,0.3423371450548607,0.27052037279672303,0.33598627300548345,0.2193708588294942,0.2219295820641603,0.2444881412333125,0.22896446475166207,0.25938529065273336,0.4137331191672467,0.27490415958450165,0.29064626428390056,0.2819660000960744,0.4523742435094536,0.30015275998320484,0.36521245979550115,0.26554857329145604,0.3436766966491246,0.32658647215100656,0.3710837088984872,0.5787054189855207,0.5476559527141538,0.5184855660759186,0.5368083134673082,0.541005621181916,0.5650690171730076,0.5969001144596017,0.4955216650470952,0.46756538793496244,0.531590148007578,0.3474201600317165,0.2883991181642863,0.30607089621823047,0.3249458555070487,0.21509519966081786,0.29743536371688406,0.31120897699776434,0.33033903305317935,0.31628503184491286,0.3291889754561521,0.4700328715612498,0.33676686788236765,0.29462429749423236,0.2785015862693793,0.21837849746081,0.4137765276860554,0.4580592757585055,0.4004629833401252,0.3655707772227276,0.3988678727524988,0.4950332394632694,0.5111275405376879,0.5993918877303653,0.5173407457509165,0.6323455833357092,0.539611411112579,1.0,0.32203496273301574,0.5066138705882017,0.40898230910821487,0.5098310639623116,0.5390841114422976,0.5009042764124682,0.48600488335689496,0.4351234068335125,0.49646358540781665,0.5210874775194186,0.44250611023491493,0.5393150657956158,0.4909868642018254,0.44011336961238634,0.1618146242327719,0.3685138511667753,0.2763037896611562,0.39789746869508896,0.31076737979316404,0.24876701156585046,0.16802675644349016,0.317480037108454,0.39652559615381283,0.3804979301834981,0.3281056811775318,0.3959379016569617,0.3124548888681039,0.30403588212448673,0.5421630838200465,0.5219989737929406,0.2653902182701425
UPS,0.44186602744543957,0.394003900591762,0.34089743211478973,0.34939512839856696,0.31713583839782944,0.37108754796792087,0.2160127007503625,0.32497526234954294,0.34481212167277353,0.4215695614216596,0.36045138171513036,0.32157493152191574,0.2902002279463069,0.2938519562750708,0.40540386256966154,0.4576061898131861,0.2917011737140684,0.3054943448914741,0.34391897086615514,0.37864073885429983,0.42028566109884014,0.4479991492191286,0.3948819245778894,0.4333340724090008,0.4420457698243687,0.41125284635866755,0.3993469922700647,0.488325766199039,0.3763166947808212,0.4241689960096352,0.30965961410503023,0.3138258909153011,0.2616612510814437,0.2925095137821262,0.22189760476009765,0.3906658755872463,0.40134635563940163,0.371448439357175,0.2728880540492953,0.3115154442141753,0.3206987937375777,0.3396179768182493,0.35909667454458943,0.3620217599881136,0.30090716731032036,0.48106206742461194,0.3027168610753869,0.3804277315948073,0.4069125303420579,0.43489389681227036,0.4431346526489756,0.39001949304268213,0.3076376336408589,0.30543340824157583,0.43106336740677037,0.23826984680323687,0.32203496273301574,1.0,0.4849896930544717,0.44028825983149045,0.31081742913290045,0.31769497344803305,0.28045241525766024,0.30300118102669976,0.2640044951128205,0.30539404891116756,0.3035304909627197,0.2696693116833307,0.26905582783551524,0.27634832578832896,0.3818609625362283,0.24639905165974124,0.41413151091996314,0.2677701445705701,0.27665495370303395,0.28845678664073016,0.3072248900863472,0.23497316835253554,0.28413829192040724,0.25346394034469283,0.2764391527449703,0.2580871003902517,0.4627536008378539,0.3164915826091599,0.30785024289019997,0.2988828465247817,0.28463534080073005,0.30979421584466155
UNP,0.45528923369359825,0.4105814078124647,0.3361832995948399,0.3923839253503776,0.292423340175586,0.3105921075488801,0.245926286438487,0.2858545727913534,0.334545473347054,0.48690166403903046,0.3529443581572846,0.33586541371832457,0.2851009235200147,0.427042153389867,0.3916338098140399,0.49491669648634057,0.2638849476315191,0.3753126180658911,0.3507409970136509,0.42447103369191325,0.5975685227446385,0.5791020616219436,0.5089290978583766,0.5761326488778781,0.5866461692461272,0.5733178225831171,0.5620878931624927,0.595726804361029,0.4702282286469347,0.5478033547191365,0.3738111801404511,0.3066600549348223,0.3160883947878562,0.3241534617105179,0.2331927283607528,0.38578336983552924,0.42204142670708655,0.4061423657760245,0.3175731584871877,0.3396304462441909,0.43813342545327383,0.39155776708328016,0.3717467481369321,0.34774825384924163,0.26996702384642896,0.5502876983103651,0.46333351062220235,0.44507962956867775,0.4546909724701951,0.5406816796392069,0.5644977301449347,0.5591897074387682,0.45793229768587174,0.4269001126635213,0.6326600243565699,0.3516620996389805,0.5066138705882017,0.4849896930544717,1.0,0.5076147596560354,0.45301931628202674,0.5231306275949008,0.484612140133493,0.47769176275732134,0.43690070618388777,0.4610619833478786,0.458382448144509,0.4102487562801875,0.5059773730386492,0.4294791785654842,0.47456349342996335,0.21943960690565062,0.4375318193350222,0.31410470520843053,0.3466537017181572,0.3355171568846413,0.318858024532122,0.2350260850584203,0.3586124789439854,0.36803650378139713,0.36546114808834235,0.30608378435733286,0.50430940087375,0.3496869746447875,0.3390984004405954,0.4828862387571114,0.455270864141564,0.34194791744187686
MMM,0.3949079641589256,0.36287306666079605,0.30947667371622783,0.3494413654309463,0.29287475280056935,0.3002472895354737,0.2080893822656737,0.27804995450923203,0.33756569406598974,0.46349995688191575,0.30566679847743305,0.2911913750468632,0.3116290103643938,0.4454320700991197,0.35525763358916945,0.4360386369861463,0.23881652023906239,0.3379627877191795,0.3629615304160422,0.3754609171799005,0.5106145654943627,0.5225423348900685,0.47817988515057475,0.5293252847984458,0.5343719282156272,0.5055358579461068,0.49954189230105683,0.5408770145723583,0.4266540713570812,0.5052865083596342,0.379572412804534,0.3506556867570211,0.276698279384277,0.3176258254094081,0.2266456912604108,0.39313519192447893,0.39275798970714665,0.3654033788632056,0.31837155426035113,0.32250963087377327,0.4092266299425147,0.36063559080172425,0.34876820656951585,0.33775117832991014,0.282876426406314,0.48552143317907,0.3769140157296087,0.3898830310631444,0.40513484981638687,0.4587358064388099,0.5540143790268455,0.473010755908974,0.3699652859595153,0.4559347034991758,0.5948607716687244,0.3329291204780371,0.40898230910821487,0.44028825983149045,0.5076147596560354,1.0,0.36208482470953696,0.3883483332360907,0.3537720253524794,0.3787378433130874,0.3242045854177683,0.37835872759515915,0.3392305396087274,0.28957722428590593,0.386994674821397,0.3407809041170791,0.42397360843380033,0.21996266781108256,0.401171081044983,0.2615970247188925,0.34397012441671343,0.26896368541702825,0.34099549623931186,0.20678015880405223,0.3031018395066023,0.3191571325650756,0.31406241321837564,0.2764163633711322,0.4250031324455758,0.304875953192315,0.311262021297412,0.39076033612416666,0.33378385327109655,0.3038679147742745
XOM,0.29524437676933285,0.24210419923154267,0.19855621707428814,0.2518054350756985,0.16485035952241664,0.16040032740829213,0.15726534869736156,0.19071217384822248,0.2518165880204159,0.3721230027412166,0.18789063495290403,0.20812181965920853,0.20486471882113297,0.3914233454581209,0.2772662497051367,0.336151351341796,0.16071122523988868,0.2524643709431241,0.2731850441955044,0.3089600529386561,0.524624473571836,0.5435572132399482,0.5049170543094179,0.48272914458629285,0.502128958707069,0.5422273047957447,0.5071854103141811,0.41629566953733393,0.431477742546233,0.5024131423203256,0.2841512862438304,0.2545545149654601,0.2573242387682223,0.27915701750191346,0.18012543243428217,0.19943166179192326,0.22060226263198668,0.2279389132597188,0.24486017100029323,0.2977834708001415,0.3691826991382496,0.29934349457122555,0.21390221577420976,0.1927061718998239,0.18334038888320905,0.3142097137877922,0.3311547787146778,0.3227848977237445,0.31567435912757424,0.32226638653934636,0.520765035251574,0.47433340653487727,0.4357222918044069,0.4172672780221307,0.4901793271945359,0.3714465913179897,0.5098310639623116,0.31081742913290045,0.45301931628202674,0.36208482470953696,1.0,0.8427296605495321,0.8265315536746151,0.7622391565561085,0.7882863465383818,0.7416819634648625,0.7006570580600237,0.7378533754994032,0.665030513753559,0.7114536052602066,0.41358768950749153,0.12836815353628253,0.34841569714056525,0.2817627294512716,0.3708544178561627,0.27023841453058617,0.20431622674059827,0.16644468168549942,0.25206459912680135,0.31156021841325326,0.3177784744542223,0.236590987152302,0.29855233615162624,0.19526677117701474,0.2163882105793873,0.46259750596860894,0.3692496179953968,0.14335137692854844
CVX,0.33638558579391453,0.32368162624762853,0.25884825340002127,0.30517878252093966,0.21381181690262333,0.19853871237808934,0.21066991206934718,0.23329842472862983,0.28746534657857403,0.40472877105291033,0.24044097360770625,0.25945970983396904,0.25484221590429773,0.40968095509693475,0.3217070243224424,0.37598556459899923,0.19645053412171942,0.32927708946495615,0.3140567920348788,0.36355832072361927,0.5794944173548069,0.5780726773973858,0.5186109993964659,0.530311527816985,0.5612909388454597,0.5850398999459977,0.5632459039410956,0.4621591573210952,0.44199630108314164,0.5277962280989914,0.32482978441348737,0.2834908640383682,0.30069139280486046,0.31777017729620605,0.18921958502782898,0.26576212652139414,0.28436834968699687,0.2859483844346015,0.290636844047948,0.308286775178714,0.3802520906879376,0.3119908888600615,0.21946453141824954,0.2147054735767211,0.18756785488636146,0.39201917703420924,0.40443623322393796,0.37280934864453774,0.3415209777645653,0.3898743339078641,0.5270061628746456,0.4970094500762238,0.4732723216166165,0.4336668280087618,0.54393543031691,0.3695380239391397,0.5390841114422976,0.31769497344803305,0.5231306275949008,0.3883483332360907,0.8427296605495321,1.0,0.8355046033891648,0.7501325763549674,0.7483782338897552,0.7331345849935799,0.6899814341414555,0.7016622474944428,0.7248874415080918,0.6989118583801921,0.42904848021207814,0.14760015266562562,0.362385633471168,0.28831018139949843,0.3706305765541396,0.30140614615430217,0.2529207054287109,0.18185942852916423,0.28423826545820224,0.34101625072099967,0.3331646619372996,0.2309086337530012,0.3588545102782918,0.24062241073339888,0.2634756833285257,0.4882923090162498,0.45427597628883776,0.20441674052325406
COP,0.3074054334359585,0.2841807760588337,0.2518139754739631,0.28012194051198364,0.19552373690838035,0.19918107235267415,0.20558663750422163,0.220026207307562,0.2598576756099658,0.37453433076998105,0.23181796297074483,0.2570400388711927,0.2378246482799,0.3689161511842114,0.2829421564660175,0.34168169105325935,0.19427506979177256,0.3005769989635975,0.30137642739456205,0.3284139888742339,0.5262267125753952,0.5408018554098453,0.49020422162367416,0.49130822274768043,0.5162782566404301,0.5514713489994975,0.5166043334085894,0.4139471452952831,0.4183748611469094,0.4945367941412232,0.24019173298397975,0.23786749490691983,0.24776423453700702,0.28521696541997343,0.1714055259249045,0.22387692916026586,0.23644690614967181,0.20928304350205526,0.24940869701183965,0.2689308003852813,0.2908592809959039,0.24158107555482183,0.16852311866026254,0.15887116674753854,0.15739622319478716,0.3107714937397208,0.33932039945556264,0.3461163039580917,0.30749004503705235,0.3183452305933586,0.5112082174883302,0.462713588188835,0.4311764094264348,0.418062830181033,0.49706734418375625,0.35479952573565987,0.5009042764124682,0.28045241525766024,0.484612140133493,0.3537720253524794,0.8265315536746151,0.8355046033891648,1.0,0.7798561570872886,0.8597019629254358,0.7421564696771823,0.685629872565489,0.7658553366315941,0.6920257739750959,0.6872038306729973,0.40972044628108484,0.13907579798391215,0.3196725700384968,0.2043722405060045,0.29673565365437493,0.26538144868106084,0.21443544733589978,0.15809298297785065,0.21967684100905482,0.24518314501068417,0.2526377005323579,0.15161444754106534,0.29543831387754127,0.17573392310440428,0.20351187317213762,0.45660355850956835,0.3719416865034099,0.1677469164756384
SLB,0.2909366004438045,0.23569229560889318,0.23778352536951383,0.2801853831578462,0.18752021484929715,0.19543818232828064,0.2077361855115597,0.22435525874254733,0.29165607274808253,0.36230754828979617,0.19465853553091844,0.2140061473971924,0.2208586184925218,0.36736380066285945,0.3241103275087027,0.3595836743060942,0.14665635492033913,0.3079238402593725,0.33841431604834266,0.36731800506186935,0.548308939715395,0.5567954439270524,0.5122669459935506,0.5308746530529094,0.5428377513869923,0.5830469774040258,0.5413942194646673,0.4279705957147964,0.454835024007668,0.5509028843791485,0.21299234553645344,0.21682735185339702,0.2265524932546982,0.2534667809580333,0.14310167666696036,0.19951446352194876,0.21157212102910458,0.18005519853010474,0.21820628074644408,0.281524655591001,0.2890661146391767,0.20618732019315986,0.14716670654426192,0.15083714662452619,0.13319983814146819,0.3148260263597555,0.3011992984193202,0.3337449951035606,0.3005587023256956,0.3352041267777239,0.5698064880775273,0.4864002892965661,0.44814142224640086,0.4452188049660097,0.5030164063943352,0.30649333005174734,0.48600488335689496,0.30300118102669976,0.47769176275732134,0.3787378433130874,0.7622391565561085,0.7501325763549674,0.7798561570872886,1.0,0.7614210900202291,0.7095663517217975,0.6572415296575563,0.6971514909278638,0.646727843122292,0.6698088201313229,0.41594005974095294,0.10422620053818804,0.33061319032092473,0.184089859614392,0.29052295524418403,0.24276469849817892,0.19966942924652917,0.14188227241724935,0.16520559062380258,0.1834011540644018,0.20310402290562932,0.10961711939638875,0.28118651230442293,0.14154756792172093,0.1555207594727497,0.495579107203599,0.33332365154855137,0.1141135586757896
EOG,0.26852990342619587,0.250852490174574,0.2142398438197649,0.25974509399102774,0.17801177746624958,0.18675277000611742,0.188186487459218,0.20971485777957097,0.22709103675003747,0.33802915102224806,0.2075899384880545,0.23757964927897698,0.21305407812984992,0.34778151723251083,0.2673705636706999,0.30744874538808303,0.16759498798781117,0.2641067685873498,0.2778017643514181,0.2984502003590176,0.48414415971026825,0.5034120590013169,0.451076540261079,0.4500605459573256,0.4638593123453942,0.5060300827303484,0.4596442564570632,0.36311501370600574,0.3943276296817028,0.4545409712401298,0.19065629009119323,0.19162006919084584,0.178896871130639,0.22925312351711133,0.14198629054744924,0.16588134252150757,0.1782603663651123,0.1594469005987893,0.20300028669284317,0.24957269211176034,0.25699377899619674,0.18247592779772828,0.13143932519469315,0.13557664035012218,0.13785321814232557,0.2680501310095202,0.26959984924306385,0.280295006472015,0.2614026371433286,0.2823459087007566,0.483196018105664,0.4118612776209033,0.4036957539053253,0.3968786827645374,0.43343428380366694,0.3289341712983017,0.4351234068335125,0.2640044951128205,0.43690070618388777,0.3242045854177683,0.7882863465383818,0.7483782338897552,0.8597019629254358,0.7614210900202291,1.0,0.69370975254783,0.6334862409929852,0.7738083151549708,0.641326379270067,0.6333804899120944,0.3874531764148469,0.13690511654145354,0.2758338252379558,0.17903820468024023,0.26922933253732745,0.23000582516403434,0.18017644823388473,0.15802654764145574,0.16196260482322858,0.18090066597245488,0.19856760741526538,0.11198481921903414,0.25907736333410974,0.14915318825226623,0.16011034177009104,0.4370152808312704,0.30053534469416066,0.13383345862512627
PSX,0.3047884161038178,0.27741268774645017,0.23035137935822145,0.27495699491421605,0.20706969472861836,0.1959469790180144,0.1675598173595571,0.22650902788369723,0.30391193266070987,0.3913723744913619,0.2323581556819783,0.2514138615673619,0.24940170149662425,0.39919297518757907,0.31859242698846846,0.3385781060709514,0.2112686763256924,0.2821382711922038,0.3286279598518783,0.3413650643384642,0.5468961642504073,0.5615217445231035,0.5056630740600028,0.5048306600523662,0.5226481973889205,0.5793381519531708,0.5614008898680322,0.4167251030749322,0.4417825568178822,0.5490901441409142,0.23579448771367204,0.25370311131092976,0.23507391718154896,0.2868643611977877,0.16878067594866233,0.2086923159615114,0.22420743028302853,0.2001741660912203,0.23871105925983258,0.27167879023736125,0.31561879916622004,0.22823142089430293,0.16242042642476395,0.1593226524113718,0.16175299269337007,0.3020536717049296,0.314120167389298,0.35467733564911824,0.3299194054645895,0.3191158758882484,0.5266040222526687,0.4478910440887827,0.45788017115763907,0.4237192243562539,0.5140468690210503,0.3242897484281671,0.49646358540781665,0.30539404891116756,0.4610619833478786,0.37835872759515915,0.7416819634648625,0.7331345849935799,0.7421564696771823,0.7095663517217975,0.69370975254783,1.0,0.8323365789530264,0.6582936055558252,0.6277173961541096,0.8715728525025317,0.4255979504649901,0.11961799250239663,0.34362039476956624,0.24341802971019014,0.33196466239511974,0.2389587348290761,0.19784401042462207,0.12915870197984386,0.21040901954008626,0.23962974398080594,0.25617224384648013,0.18266708517580357,0.3189981084361024,0.18087979526140072,0.19947764547254854,0.5116329634233627,0.3750415650349923,0.1510382690494516
MPC,0.3155130323549661,0.30175965271260435,0.2781520589605429,0.3098449877063949,0.21607589557086124,0.22099897386559728,0.21136531702535044,0.24881459509455098,0.2818677253043942,0.38124316805369546,0.25403028359222496,0.2743034219889467,0.24733917621046364,0.41059603423387764,0.3262950633876673,0.3421783509089042,0.23886340602185996,0.3090573994929653,0.34541737282463625,0.3642921475950875,0.5483194582422438,0.5541257942254693,0.5106436049237506,0.49526901488090247,0.525456984752465,0.5733230378393974,0.5478858902049522,0.4286013666265021,0.45088715377037086,0.5418917629394788,0.22756650790722757,0.24739808961823573,0.2209155346888525,0.28495521483476627,0.15837447336389754,0.2226687214446153,0.24567400880275023,0.2204138276650395,0.24169518938649343,0.2951152782412582,0.33136699882636006,0.22233118194214463,0.1594960530480064,0.18258427890732226,0.16228594695187884,0.3355938487814052,0.3044154393381739,0.3381230197129677,0.33601627872214634,0.36487726736102466,0.49487309241898053,0.4530434505267119,0.4837806116044389,0.4415174055413727,0.5132634318450244,0.33342978307803567,0.5210874775194186,0.3035304909627197,0.458382448144509,0.3392305396087274,0.7006570580600237,0.6899814341414555,0.685629872565489,0.6572415296575563,0.6334862409929852,0.8323365789530264,1.0,0.617204756394098,0.6166707038921341,0.8649749413487104,0.39894736294439875,0.14930738138714492,0.3337658914022152,0.2349208626652431,0.322746359895242,0.2585681877356849,0.20013323518517057,0.13845277762851219,0.23349933820367705,0.2792958028074439,0.27708747445609844,0.201619344725311,0.33922130738815387,0.18695796106167337,0.2114020455211301,0.5012576063072711,0.3910632702200421,0.168819979263415
OXY,0.2653313652908883,0.2352252093599806,0.1999468307341569,0.24302708518409227,0.16432456738741583,0.16454288149786447,0.18907443320606654,0.18880657438235807,0.22901582432039816,0.3122576675661014,0.1960988758810478,0.19985300155884464,0.1964992881755076,0.32741408494544577,0.25819688385701806,0.2947186145816711,0.16228821539726743,0.2520500166236523,0.2737225620300781,0.29829760080194595,0.47690464067815547,0.5030508382257816,0.455966753037363,0.4321997830772732,0.44261975441655377,0.5065857865138984,0.4608662922776589,0.3351095320095797,0.36773559942738837,0.4655927156562506,0.19018170494686476,0.19709572157446076,0.1819586195463957,0.22697074346782345,0.14363280075488452,0.17764881867261212,0.18760411254911524,0.16892705779299091,0.1773323340205926,0.22529686546161307,0.2813876953752291,0.18606732918198404,0.1464144166286396,0.13617115339618954,0.09872359363735919,0.2570433957764155,0.23259327266804028,0.29398696237846056,0.24932282548579304,0.2736141401832243,0.4454014185619825,0.40732328300866494,0.4296498375836799,0.3909293051628489,0.4151410541749773,0.3057396491847842,0.44250611023491493,0.2696693116833307,0.4102487562801875,0.28957722428590593,0.7378533754994032,0.7016622474944428,0.7658553366315941,0.6971514909278638,0.7738083151549708,0.6582936055558252,0.617204756394098,1.0,0.5939423897678116,0.6159763666077095,0.3599543518209314,0.10464655621698321,0.268330592296809,0.16965045435514794,0.2789355961243329,0.21307822261766948,0.1584591061002186,0.13879994721444283,0.14382804388217685,0.18728631509857782,0.20259487210541258,0.1402318045039077,0.2722715732943602,0.16969846771709074,0.17343288598757023,0.47616393932208734,0.29565664473895775,0.1398252956263755
KMI,0.3142085043038518,0.3149725246116546,0.27172839007315325,0.31645788581119627,0.22516827038548864,0.19630897636045888,0.2743658730251912,0.23948208861332881,0.2674207655492655,0.397292386936526,0.23727388416378242,0.274347844029133,0.2716826759010333,0.4118194469454808,0.30133705332013655,0.3449709132491296,0.2120825472298537,0.35073514802780353,0.30301726458703315,0.33250932811358547,0.56299823923774,0.5520237847511795,0.5060928080866927,0.5405001951814263,0.5478036172312922,0.5709427798699139,0.5565039974594912,0.4691443176073519,0.4324856449282561,0.5172895345330293,0.27634714072612215,0.24004173414471505,0.27030812258499665,0.316065461885485,0.18486910719156566,0.2439003504417962,0.27538197664165553,0.2762039503537244,0.2962245338169345,0.30205468393113055,0.37023121497016503,0.267621943905846,0.23004737429789332,0.22691872361242282,0.1907043815292649,0.3831602466391736,0.43031173069593,0.3643263424418356,0.31842458084115943,0.40166520735303846,0.4821694854079138,0.44852853112351904,0.4574451049472911,0.4492406386088477,0.5248683964995183,0.3364678448174843,0.5393150657956158,0.26905582783551524,0.5059773730386492,0.386994674821397,0.665030513753559,0.7248874415080918,0.6920257739750959,0.646727843122292,0.641326379270067,0.6277173961541096,0.6166707038921341,0.5939423897678116,1.0,0.5773688658802753,0.41512546591290045,0.1628248069234341,0.3499035952727716,0.2696448166727289,0.3655969112331622,0.3113660251747986,0.255576363999629,0.2123422898814378,0.31797717729408365,0.393432650207053,0.3611507786343619,0.2812363361240913,0.3917161578875899,0.2945613605119886,0.3157879473183009,0.5355037762520735,0.5388168597884495,0.2598645223581718
VLO,0.2724736897305383,0.26454861314500155,0.2279736233002109,0.27388882469767595,0.18198793228308005,0.1796562138825185,0.17653802012358286,0.23838207944387935,0.2661621528429736,0.37313416906135327,0.21802919493082681,0.24822424312803093,0.2234823704347578,0.37525130344154245,0.3102845714379745,0.31269360959017495,0.20622605226186555,0.2765566882903718,0.31967446502245667,0.33838412238843657,0.5188117934371932,0.5388529317964339,0.48232007932025883,0.46928625300405563,0.4899344719277215,0.5550822966341792,0.5374995690943604,0.39404218337472985,0.4196244125380868,0.5301091593551518,0.2074972055618427,0.23485756145566966,0.21456039525781911,0.28318740950757965,0.14263275825922644,0.17806032605694624,0.20518227393616553,0.18342101256663773,0.21516717616258374,0.28501204692852067,0.29800012348514676,0.2029480827466081,0.11657254427313406,0.15736781009327186,0.13720793609804333,0.27192577166791454,0.27336803355069783,0.321437826382088,0.2888001574689686,0.29337920595111905,0.490213579716114,0.44077570081017703,0.4403890968379095,0.3970740874564133,0.48868464700127273,0.30213089665372256,0.4909868642018254,0.27634832578832896,0.4294791785654842,0.3407809041170791,0.7114536052602066,0.6989118583801921,0.6872038306729973,0.6698088201313229,0.6333804899120944,0.8715728525025317,0.8649749413487104,0.6159763666077095,0.5773688658802753,1.0,0.40108160958865435,0.11068691840337402,0.32420106691077405,0.21242003356242403,0.30722047455991935,0.21971306482123937,0.18094161881850276,0.11228353728441151,0.18800227571458966,0.22926472174137213,0.24648406068263556,0.17626955343678602,0.2693953943839155,0.1467990002114547,0.1672269363126407,0.5017931243565962,0.36146127774807396,0.12540692016779015
DIS,0.4343819115611757,0.4463969171191848,0.367659338829001,0.42079189723841504,0.3764126398460823,0.4006854161649382,0.3097013248566149,0.3206831246523018,0.33580173409623176,0.45217090403541116,0.38359459530489265,0.3920256877889968,0.307952189890231,0.38377354335599956,0.40588701785697073,0.42729838553903154,0.37359656168474975,0.3579503493645603,0.3634876125528327,0.41521560328783086,0.5549977993527557,0.5564066631638365,0.4846329340475922,0.552038129787585,0.5614380216405815,0.5652471853945796,0.6002654287575038,0.5436186633935766,0.4393429391248102,0.5263920011932163,0.25866940636116337,0.2610037543965131,0.20692303691357536,0.23722050946903914,0.2084125726915797,0.3367060443276118,0.35078551163511046,0.3233497702614967,0.24597835591152134,0.25424492403655197,0.3644008484579064,0.31774885791403606,0.2787073742457069,0.29643936773171786,0.24503369563774427,0.4671346819111604,0.3932941705018548,0.4864687112418481,0.46049699804683336,0.42349186997209465,0.45277692851786183,0.4396488985887292,0.4676130572919339,0.41192156578611466,0.5501598026473526,0.2676922733105546,0.44011336961238634,0.3818609625362283,0.47456349342996335,0.42397360843380033,0.41358768950749153,0.42904848021207814,0.40972044628108484,0.41594005974095294,0.3874531764148469,0.4255979504649901,0.39894736294439875,0.3599543518209314,0.41512546591290045,0.40108160958865435,1.0,0.3395222317620758,0.4861105235839367,0.250039442169644,0.3496343447077355,0.33224647681733466,0.3500666774097272,0.21224527178027575,0.2931989779257277,0.26852343590845584,0.29059450046944596,0.23878410491121063,0.40346565411772584,0.2650574605168805,0.27479619416380124,0.4965333384286286,0.3817306992951763,0.2921621569236504
NFLX,0.4337928751677501,0.4894626491857544,0.45817181910047206,0.43518953815385175,0.4578942477675482,0.5383359007087408,0.33857355113411725,0.40127158989736217,0.2898793155532604,0.31921969338168105,0.4901526291242712,0.47113959584931586,0.26836678447812695,0.17786996410383063,0.36676199854473573,0.3503289116759357,0.4819145485075127,0.3519420803938673,0.31790218797240677,0.3583742710948563,0.23121897687833862,0.23116848670087012,0.19144329568381088,0.2824588035486502,0.27310463457800527,0.24723263709056773,0.2287109086330569,0.357096910825182,0.2349429028399312,0.16020668298321786,0.12919152633843617,0.13325002052314416,0.11687840934649864,0.14866621935333466,0.17952793771986683,0.26678898641784843,0.2910482419679647,0.2482876310170871,0.12481073702549644,0.1293710507875788,0.12333929956457869,0.16148937743476746,0.14275575601345078,0.3586295579797422,0.21489502544890532,0.29935804062401067,0.18791911543584167,0.27009605171883205,0.286042865767072,0.26670124653220967,0.21122647323051305,0.2074816335709825,0.2506518541445399,0.22530483198399415,0.23511059215064595,0.1351116311856426,0.1618146242327719,0.24639905165974124,0.21943960690565062,0.21996266781108256,0.12836815353628253,0.14760015266562562,0.13907579798391215,0.10422620053818804,0.13690511654145354,0.11961799250239663,0.14930738138714492,0.10464655621698321,0.1628248069234341,0.11068691840337402,0.3395222317620758,1.0,0.27519184104126776,0.0950838967208277,0.14503574670268246,0.28435297175452307,0.2709736035247045,0.32839205847919367,0.1676853051589614,0.060080599630880374,0.08115576857457289,0.07555185108079022,0.24514562457628697,0.1706464595724343,0.1704708317159084,0.1455269521467088,0.11408111836157782,0.2796687938484477
CMCSA,0.40077255070202283,0.399492985700857,0.2757972445299742,0.36565966453439636,0.3196531489976411,0.31314616787021815,0.22370318453020802,0.25577856391260134,0.306903276195714,0.4249746567945695,0.3688286654781286,0.3282908987702181,0.25475419684068484,0.35541509834157387,0.34803835790062304,0.4323850654733877,0.29496378114710686,0.2867076047022367,0.2745657768315482,0.33723407057993304,0.4689262488172167,0.45735266718038853,0.42778685893728324,0.45851676481668785,0.45771725386079765,0.4462590155616783,0.45666244724362065,0.46033314359915295,0.34528443779359236,0.47049531140232825,0.3488162076520631,0.2954310255848731,0.2720412382234943,0.3112139348343354,0.24614523144361317,0.28239582876327823,0.328997324156843,0.35553850412658056,0.2971986836059404,0.3274828060134445,0.41051894638513153,0.41825186961852956,0.3677610930861797,0.34383582045353456,0.28700545597661425,0.4519122231643244,0.3738981090026731,0.4035750311011012,0.3515890757757559,0.4048953666173807,0.3999159331479965,0.3848081895239758,0.3471073001906844,0.30429199653470057,0.467266836009415,0.2611304517469017,0.3685138511667753,0.41413151091996314,0.4375318193350222,0.401171081044983,0.34841569714056525,0.362385633471168,0.3196725700384968,0.33061319032092473,0.2758338252379558,0.34362039476956624,0.3337658914022152,0.268330592296809,0.3499035952727716,0.32420106691077405,0.4861105235839367,0.27519184104126776,1.0,0.3977820820858797,0.45552628287004293,0.4153259697422703,0.6408862007545393,0.27786581685708933,0.32486244396061836,0.3476752985850658,0.34028098080482105,0.31271993453127994,0.39554714265165203,0.32625398722305365,0.3473186510441825,0.38525452533018256,0.36081185228316104,0.2715583644048701
VZ,0.21198528245628645,0.18651771240895998,0.04763970296589502,0.16729967541701127,0.10516838877065025,0.1010025712274148,0.031591655354749434,0.0588021628929848,0.16012297169874476,0.2915707823730551,0.121774170628728,0.12171521593151294,0.13858986366462495,0.2986752472791179,0.1482818342578566,0.22206577926041884,0.08625724201474635,0.08105413853007859,0.06318919907853285,0.08225840166691206,0.29594501019258906,0.3076768015622665,0.27245537700918027,0.24031904641676854,0.2507355019038672,0.25256063676217344,0.24828346961668585,0.2841613246420156,0.2298787416721859,0.3290843987761468,0.3968616526682392,0.3383538173625646,0.33061617812564864,0.2930065511736036,0.22746590060808136,0.22814549511582916,0.2650034534864665,0.34590527227826323,0.2703994593305171,0.33297140868967945,0.4544786489111739,0.44082162119408885,0.452022579033005,0.25744255504291685,0.29099642966290395,0.3100361825263075,0.3267333916868563,0.2293707307170305,0.20808422748952454,0.27629878392000146,0.24208021021804546,0.271305881264444,0.17542423615279992,0.20759199641160456,0.3067383134254951,0.27822719885404723,0.2763037896611562,0.2677701445705701,0.31410470520843053,0.2615970247188925,0.2817627294512716,0.28831018139949843,0.2043722405060045,0.184089859614392,0.17903820468024023,0.24341802971019014,0.2349208626652431,0.16965045435514794,0.2696448166727289,0.21242003356242403,0.250039442169644,0.0950838967208277,0.3977820820858797,1.0,0.6659937654248956,0.4206213876084703,0.2925335109264807,0.1807536256568768,0.3932859657758088,0.46815066858896853,0.4549710156602597,0.4526568107095728,0.3250708193415601,0.40100451710725515,0.40428597202539995,0.22642935726709532,0.3426013895759676,0.2542520966677516
T,0.26525511830778664,0.20556102376319677,0.09745459228328188,0.1986455675596975,0.14989955253149015,0.13579350008743157,0.07461757716095568,0.10280548670960711,0.2000626008247573,0.34933006589123977,0.16707490810503917,0.189348138802549,0.18087829791120746,0.3863480552544658,0.19826502540205723,0.2814569334102115,0.14698097988566572,0.11214802172613669,0.14721551985077622,0.16361639341114004,0.42768409418047,0.44649769866340183,0.40351095527975134,0.3813163434765715,0.38207437269401856,0.4099490051814517,0.37118271994094326,0.3731225271079139,0.3348241023434349,0.43419415583812226,0.38502143153967394,0.3196806067609344,0.30749203400821,0.30282442665843584,0.21225541918303864,0.21911601329860214,0.23452402375929285,0.3530428870168875,0.28742855497272785,0.359300617136877,0.46636121195909996,0.4040494624816332,0.407561958861739,0.2610960473146729,0.2795568942023713,0.34320703896211957,0.36796038416847016,0.27750637838859327,0.2421438248025366,0.3065572771378573,0.3166670679468973,0.34246676489243627,0.29134773965184163,0.3150201189793909,0.41820776404213167,0.3371254875668827,0.39789746869508896,0.27665495370303395,0.3466537017181572,0.34397012441671343,0.3708544178561627,0.3706305765541396,0.29673565365437493,0.29052295524418403,0.26922933253732745,0.33196466239511974,0.322746359895242,0.2789355961243329,0.3655969112331622,0.30722047455991935,0.3496343447077355,0.14503574670268246,0.45552628287004293,0.6659937654248956,1.0,0.42902472955735343,0.3049076051312599,0.19488404692192293,0.3338472661606514,0.4581930778181143,0.4532313508871579,0.4131127259119896,0.33957706735915394,0.38011038059272473,0.3880790182963606,0.3337263553487019,0.37288647987671164,0.2639888872798197
TMUS,0.364569218537904,0.38632993631822704,0.271813666185694,0.31850144901767835,0.2433977517127359,0.2981087612188749,0.19196673146610715,0.25144309083752253,0.2507301581106378,0.37215407902205316,0.35439644074044524,0.3263579539771644,0.20791921180069295,0.2603814510608904,0.288900836238051,0.3486799808086888,0.32148910332214925,0.24435969099206456,0.20985043230807485,0.287310016616152,0.3313037940499779,0.33363405046734346,0.2988317362259576,0.3373331329263265,0.3271025934542098,0.31936616501896503,0.33662884898520573,0.3858270425060226,0.2969137921046952,0.28510848507091846,0.30286371130665285,0.24892536269165735,0.25719536045632335,0.28485499199430736,0.22877038735062108,0.2467289578142605,0.26555158526008726,0.36565770877461506,0.23234301238933586,0.305387391572614,0.3850686705373572,0.41820305259034396,0.3549188142195024,0.3746795615726019,0.2867909111166969,0.38943248129952085,0.3809142378796017,0.3614775737723606,0.270780514649446,0.36270348947210124,0.24475996515091916,0.3000169336628957,0.2679103126974257,0.25127832029623454,0.3597543303321538,0.26899710531978166,0.31076737979316404,0.28845678664073016,0.3355171568846413,0.26896368541702825,0.27023841453058617,0.30140614615430217,0.26538144868106084,0.24276469849817892,0.23000582516403434,0.2389587348290761,0.2585681877356849,0.21307822261766948,0.3113660251747986,0.21971306482123937,0.33224647681733466,0.28435297175452307,0.4153259697422703,0.4206213876084703,0.42902472955735343,1.0,0.3143145359281943,0.29990304039041493,0.3292692780942476,0.3406032651993433,0.3223791765972471,0.31647832166396556,0.3235275694092383,0.3350602269400946,0.33635405842060695,0.26991658206630376,0.3257441412104499,0.3161816180077573
CHTR,0.3318143563823171,0.3095637866226647,0.2318930075046533,0.29041282014559777,0.2314387735706295,0.26638162550649075,0.22550541808555524,0.21334260738571856,0.214578223844887,0.3087768127666233,0.32781392993318365,0.29910027951952933,0.22213420290876795,0.28359544488029526,0.2605367214721642,0.3188543556428758,0.30945209379209976,0.22725202323116056,0.21276861622524318,0.2587909225271991,0.3090548573799803,0.305743789596622,0.28406689974353105,0.3240710630793748,0.32229210730000657,0.3041964148215328,0.3261506414623986,0.37816168730926886,0.2320588749663917,0.3124947288598711,0.25263371875115714,0.24725505006803208,0.20426059205075336,0.23505946152746132,0.1957520236722469,0.2832765219424594,0.3041260843827662,0.31550543053928787,0.24035414528259103,0.21938008900847566,0.26268099844688747,0.31145686212815515,0.2662059914640207,0.29000084580481833,0.22276314756748966,0.39177528877927037,0.3059611893485986,0.3095101484708952,0.2845423502161031,0.36635643997061335,0.2609915854890429,0.2618570323771326,0.2650672665593121,0.22125767668905374,0.3331469740672726,0.21523309078274594,0.24876701156585046,0.3072248900863472,0.318858024532122,0.34099549623931186,0.20431622674059827,0.2529207054287109,0.21443544733589978,0.19966942924652917,0.18017644823388473,0.19784401042462207,0.20013323518517057,0.1584591061002186,0.255576363999629,0.18094161881850276,0.3500666774097272,0.2709736035247045,0.6408862007545393,0.2925335109264807,0.3049076051312599,0.3143145359281943,1.0,0.2436278466426035,0.2804771623842787,0.25308246048144317,0.24025727364842064,0.23060079118858723,0.34371061151106114,0.31137886604903464,0.3406214935864228,0.2438408770627803,0.2894522897412259,0.3022362967425973
EA,0.36562892322717844,0.3978298519796779,0.33609893412567055,0.33863242882553296,0.29027344722098425,0.33137271620940784,0.2181372642700861,0.2986447538990542,0.28928966676395074,0.3220522393449617,0.39171673635256904,0.33835403355649196,0.22856248583993183,0.24100125102071382,0.3046769245523839,0.35078978648150466,0.34810321676325734,0.28946005939752323,0.27434731595903844,0.33931613744774697,0.21025277793901795,0.20272841176946912,0.1644452658764016,0.2528545173205437,0.24325839058568904,0.20429291898437943,0.19585973576366764,0.33326546455382733,0.18187657103652907,0.1554354866568776,0.22418622917671538,0.1956426749525219,0.200687146602482,0.24229642860466571,0.19918329455745684,0.28382496810170377,0.29646781189989857,0.29850456296997424,0.1882348766207964,0.18277320548154743,0.221775469666609,0.2778885160413802,0.21792671187536333,0.2873274117669517,0.21001932762060374,0.31114770873248504,0.21428144348253647,0.22460223813559368,0.2266809636383292,0.2860062994828804,0.21780534835112345,0.20791840281268256,0.21581755010739503,0.16377039316679404,0.23244402676056283,0.20766075070068912,0.16802675644349016,0.23497316835253554,0.2350260850584203,0.20678015880405223,0.16644468168549942,0.18185942852916423,0.15809298297785065,0.14188227241724935,0.15802654764145574,0.12915870197984386,0.13845277762851219,0.13879994721444283,0.2123422898814378,0.11228353728441151,0.21224527178027575,0.32839205847919367,0.27786581685708933,0.1807536256568768,0.19488404692192293,0.29990304039041493,0.2436278466426035,1.0,0.23235857042628683,0.18757822066851929,0.19935695366282993,0.21155253693477505,0.2880667114278126,0.26273327258175067,0.2755696786966425,0.136726668267071,0.18595327737387488,0.29486888778794196
NEE,0.32223193363499014,0.3152959461994153,0.19969555516323778,0.26612205679926293,0.19291214885303842,0.21525219876981258,0.17403395348762116,0.19815016290416992,0.23112966234688795,0.3135669575827993,0.25276549537562937,0.21755437642226422,0.19209355743767204,0.2801556627491103,0.22601738288141446,0.33026734090417936,0.2205333226831527,0.21594822207576475,0.16694002936919256,0.24037396252431542,0.28414561812300965,0.2828096179819119,0.25734692269505877,0.272256714399424,0.2993765099270619,0.2612165181907955,0.2900288353499488,0.39920162791319797,0.21673676807070816,0.28479805788773516,0.39486182593215874,0.3073072220445309,0.30798144250396187,0.2654140766765002,0.2564663538352651,0.3331083827130454,0.37624391109814426,0.40258111214492975,0.26776381991486725,0.23248020489483617,0.5009477027389286,0.5150614527544006,0.48548970809933245,0.330430679052776,0.31034953269758675,0.42334395283692283,0.42209725874290305,0.3377561519818628,0.32043612099850993,0.37847909838374,0.23595771725315795,0.2935761315361482,0.27704080690709887,0.23356815532453967,0.3988672901544767,0.3174389027136034,0.317480037108454,0.28413829192040724,0.3586124789439854,0.3031018395066023,0.25206459912680135,0.28423826545820224,0.21967684100905482,0.16520559062380258,0.16196260482322858,0.21040901954008626,0.23349933820367705,0.14382804388217685,0.31797717729408365,0.18800227571458966,0.2931989779257277,0.1676853051589614,0.32486244396061836,0.3932859657758088,0.3338472661606514,0.3292692780942476,0.2804771623842787,0.23235857042628683,1.0,0.6791522386323948,0.67949285257758,0.6631428401901657,0.5153767380905274,0.5506175577451888,0.5297099690185353,0.2963574722251419,0.47865710694756425,0.472848947757957
DUK,0.2542216041616599,0.24878375823416682,0.07286142139060141,0.18295799724272688,0.10414675059544845,0.07865138099728176,0.057249914593462944,0.06904816639239628,0.17298939647393644,0.31046301891126554,0.1731607340496246,0.1532065430910636,0.18336848079418283,0.35813718634835173,0.14689309725398822,0.23327695151490352,0.12065501925774742,0.13035508071614096,0.06871528516891393,0.14652170934664507,0.3539572594075564,0.33971208176184203,0.32962223186188716,0.2943232380072311,0.31496737460656865,0.29918962448140796,0.341682398182122,0.3765774072744942,0.24131154961399304,0.3462191155146485,0.49656152625254096,0.36040787454247497,0.35969811764639575,0.3059671072227385,0.27708132238678096,0.27312451078554983,0.31279693839194816,0.4384235478682466,0.3129199377052858,0.30830486985984923,0.6104518862188241,0.5991891498290779,0.5575896513885017,0.32822088566838953,0.34243667742522255,0.4084663679255953,0.4680792784817996,0.30392983430360876,0.2494352462869851,0.35075591747494356,0.23003657930560925,0.29168310994708024,0.27197660561687764,0.25581427701755055,0.4252955150864476,0.4246870743921441,0.39652559615381283,0.25346394034469283,0.36803650378139713,0.3191571325650756,0.31156021841325326,0.34101625072099967,0.24518314501068417,0.1834011540644018,0.18090066597245488,0.23962974398080594,0.2792958028074439,0.18728631509857782,0.393432650207053,0.22926472174137213,0.26852343590845584,0.060080599630880374,0.3476752985850658,0.46815066858896853,0.4581930778181143,0.3406032651993433,0.25308246048144317,0.18757822066851929,0.6791522386323948,1.0,0.8443300778332526,0.8179137454592885,0.5341323083163894,0.5894692071517555,0.5714976436105228,0.36157922074246374,0.5862533529333133,0.43874682471098453
SO,0.2667370571584265,0.2610410456854014,0.09651102966497653,0.20762832829856995,0.11668343494999145,0.1097330161490989,0.061337731836076693,0.10449252370051396,0.19108266259662118,0.32412779751048476,0.1812278413759263,0.17782683474041172,0.1913149234668049,0.3654826013188668,0.17058731463901922,0.2669713805802088,0.1417769214997281,0.13080725864341586,0.10726995429618899,0.17663446099363792,0.3430371640642011,0.34052441499947184,0.3308712229545657,0.26836571490121164,0.31053399546349103,0.2932096626467542,0.33372522126676346,0.379569404718063,0.23251689241029708,0.3490937068059515,0.5011921687378466,0.35891801370819887,0.3600710177515029,0.29018249637821186,0.289569274487593,0.3048352284230811,0.32317671124859004,0.4320599361544993,0.30720440392519227,0.3094606848345884,0.5947867718893189,0.5891439273302571,0.5549524120082268,0.31866196842822664,0.34066742154729873,0.4002903216717106,0.45726198764199627,0.3059996776256299,0.28642877424849267,0.33424415232526133,0.24535681941946702,0.30804267057658175,0.26715387664396967,0.2731340278833577,0.4135624713728783,0.4380142187058424,0.3804979301834981,0.2764391527449703,0.36546114808834235,0.31406241321837564,0.3177784744542223,0.3331646619372996,0.2526377005323579,0.20310402290562932,0.19856760741526538,0.25617224384648013,0.27708747445609844,0.20259487210541258,0.3611507786343619,0.24648406068263556,0.29059450046944596,0.08115576857457289,0.34028098080482105,0.4549710156602597,0.4532313508871579,0.3223791765972471,0.24025727364842064,0.19935695366282993,0.67949285257758,0.8443300778332526,1.0,0.8090149215307139,0.5273059694010077,0.5752553437037645,0.5506254841602987,0.3080120045985966,0.5417830922726282,0.4342402169169952
AEP,0.2440097271583753,0.23053666050227817,0.0698064541011471,0.17001705376832946,0.10863662224064699,0.10928301310776391,0.04207103087216968,0.09581198703365232,0.17455341998046559,0.2784842498922968,0.1501407411638045,0.13406480637485835,0.15279175689486663,0.28759838571358765,0.1433320053353961,0.23450337214255118,0.1298764985274017,0.11249877736648724,0.07717182703368448,0.14369261186251442,0.26643894501177345,0.26398917116755344,0.26611863948614545,0.22811118938468453,0.2330868078691,0.22707597631445584,0.2575614781476729,0.33670361718652037,0.18684474097466913,0.29953906000586045,0.4609390835230545,0.3368133532818085,0.33121712016241306,0.2653315701957366,0.2594269586554129,0.2677488762581878,0.3036269120657307,0.3881840283781231,0.27966433598858215,0.27922422558309107,0.5626478639790043,0.5584715681109698,0.5339064668843404,0.3206400224700807,0.3183464803593366,0.3617887013331353,0.37901765289851724,0.26356618804018483,0.23777239220614985,0.29880971102586706,0.21420942989954725,0.2491767694734704,0.2208767105902192,0.20492735914429083,0.3574603962548577,0.39639598002490245,0.3281056811775318,0.2580871003902517,0.30608378435733286,0.2764163633711322,0.236590987152302,0.2309086337530012,0.15161444754106534,0.10961711939638875,0.11198481921903414,0.18266708517580357,0.201619344725311,0.1402318045039077,0.2812363361240913,0.17626955343678602,0.23878410491121063,0.07555185108079022,0.31271993453127994,0.4526568107095728,0.4131127259119896,0.31647832166396556,0.23060079118858723,0.21155253693477505,0.6631428401901657,0.8179137454592885,0.8090149215307139,1.0,0.5049269825213685,0.5545610993986881,0.5467101894217256,0.2736028248825612,0.48725434097740977,0.4211502879832318
PLD,0.48949903936803035,0.45826716144442975,0.3509234680098769,0.40499662530643993,0.334605120485029,0.3792585935679275,0.2707470755165589,0.3305113394495208,0.3434157198691667,0.45183024794935694,0.41596228314752426,0.3728492283967864,0.3167833307461303,0.39770114851004235,0.38046024275822776,0.4543566224016752,0.3651854432766444,0.3527425032013189,0.3285598761910039,0.39352980053724196,0.4488301238724089,0.4581815411666184,0.4208641963684424,0.45780977881031226,0.4837545540789938,0.4423993127302582,0.47921120917990834,0.560140839799708,0.3478514568884003,0.46855655544102154,0.4037417404143868,0.37359306468464476,0.3497485317881389,0.3213933809914494,0.30201810579139915,0.49886300595276895,0.5170655059264158,0.5099640789407967,0.31423698040130066,0.3017673425990543,0.4821084463918621,0.49164311970052016,0.44563771072735947,0.43007110120414066,0.3468239832939381,0.5910714881995393,0.445015592493146,0.4637480874543327,0.4375944489244707,0.5357350804525274,0.3986194951295724,0.40498916046022926,0.3968802610804284,0.36246106132741057,0.49282889143837627,0.3285867937799155,0.3959379016569617,0.4627536008378539,0.50430940087375,0.4250031324455758,0.29855233615162624,0.3588545102782918,0.29543831387754127,0.28118651230442293,0.25907736333410974,0.3189981084361024,0.33922130738815387,0.2722715732943602,0.3917161578875899,0.2693953943839155,0.40346565411772584,0.24514562457628697,0.39554714265165203,0.3250708193415601,0.33957706735915394,0.3235275694092383,0.34371061151106114,0.2880667114278126,0.5153767380905274,0.5341323083163894,0.5273059694010077,0.5049269825213685,1.0,0.6184978951678052,0.6044800211929948,0.47035179252943266,0.6083524952092293,0.6293809711985386
AMT,0.33563226525379486,0.35613180768009944,0.2003149678125242,0.26516378971463744,0.20570469484642534,0.22194897101676167,0.1468554073207751,0.17640548821241903,0.19536883115239523,0.3125177953264575,0.3327116815250471,0.2781088342576265,0.2086337557489626,0.29279641588661864,0.22302363276535248,0.2928490896164502,0.2956512043874474,0.18957321274700686,0.12873356747833456,0.22605473565306378,0.2908096209102246,0.29700428250779387,0.25300799223062836,0.27670887978440406,0.30484951579754443,0.26222437769003776,0.28313896357677887,0.43664092205805227,0.23453432775851388,0.3104979236783494,0.43317681120212803,0.35635980431827924,0.33912827233949716,0.29491593115125203,0.26673876936671237,0.39281953671810294,0.40947729410374506,0.4591378476626099,0.25499008500666515,0.22887828323697904,0.4981156757398491,0.5052436482973846,0.4776462002128759,0.3572497043310195,0.2990250500545011,0.4531113354941628,0.4482764396028222,0.3390547250190282,0.3021952411881144,0.4039800716947537,0.2159086325943836,0.25803469526438916,0.24989026249161028,0.19672701595685907,0.3711229840473683,0.3342543948577503,0.3124548888681039,0.3164915826091599,0.3496869746447875,0.304875953192315,0.19526677117701474,0.24062241073339888,0.17573392310440428,0.14154756792172093,0.14915318825226623,0.18087979526140072,0.18695796106167337,0.16969846771709074,0.2945613605119886,0.1467990002114547,0.2650574605168805,0.1706464595724343,0.32625398722305365,0.40100451710725515,0.38011038059272473,0.3350602269400946,0.31137886604903464,0.26273327258175067,0.5506175577451888,0.5894692071517555,0.5752553437037645,0.5545610993986881,0.6184978951678052,1.0,0.8357673109590222,0.3162412553925652,0.5563954756362056,0.6184585333395952
CCI,0.3451232210805195,0.3466470052943049,0.20181386455708294,0.25642743375828486,0.2083398158988994,0.22224792538529345,0.1735472132870169,0.19432516507475167,0.21267244028863289,0.3161715414141425,0.31943289414306164,0.27396960996545433,0.20519780696606021,0.2929413130461377,0.23149945942378264,0.2985272402443861,0.2873135591625716,0.1977698370658241,0.13312789253784607,0.23361422765148748,0.3002684095975631,0.3008151629481237,0.2589933246301734,0.2813870781147647,0.3038787070704262,0.27229659596452954,0.27655242620625653,0.4209124544048148,0.23682823101132644,0.3207070363841847,0.41199941526580786,0.345688323541313,0.338042104636341,0.29623388132145556,0.26367448237315916,0.38055763758714645,0.395231808881342,0.441197458225277,0.2624038028407467,0.2410345016482148,0.48566462001816607,0.4840396418861955,0.461516982374203,0.3435286068565185,0.28563884925866734,0.4375959501572432,0.4267503644084836,0.32958811168428487,0.27700802517817424,0.38868130755556285,0.23394834217125274,0.2638475825907793,0.24794193436153172,0.21504812492141104,0.37106711518875424,0.3165037394019237,0.30403588212448673,0.30785024289019997,0.3390984004405954,0.311262021297412,0.2163882105793873,0.2634756833285257,0.20351187317213762,0.1555207594727497,0.16011034177009104,0.19947764547254854,0.2114020455211301,0.17343288598757023,0.3157879473183009,0.1672269363126407,0.27479619416380124,0.1704708317159084,0.3473186510441825,0.40428597202539995,0.3880790182963606,0.33635405842060695,0.3406214935864228,0.2755696786966425,0.5297099690185353,0.5714976436105228,0.5506254841602987,0.5467101894217256,0.6044800211929948,0.8357673109590222,1.0,0.30163594668852095,0.5405078023774038,0.5959764940073169
SPG,0.33754394166848156,0.29406922197062274,0.23066625853871897,0.3003743732954397,0.2623290183455335,0.2126477563970926,0.29600227228713344,0.18899328103980784,0.2610423933931929,0.3433836809104629,0.25672476508202063,0.2759920446245527,0.2112779583545483,0.38418593264760165,0.3253037091183136,0.34428307473822345,0.21610153723299252,0.3366651620175363,0.31706329922354454,0.35220420502570904,0.5668072662720824,0.5658044208372619,0.5354392496324695,0.5474659392536686,0.5148998752494851,0.5948270512613715,0.6189552311368698,0.4678995586439396,0.4235804739334257,0.5661191631180694,0.2150461349300783,0.2353257670762774,0.1999437535286944,0.2545743080445495,0.1498031004184263,0.17045943754222764,0.24223045495135465,0.2104379311996108,0.23125046055842327,0.26827052764515613,0.4128828506362039,0.2963783029523484,0.2041092729920219,0.22615050225390945,0.16300226949001725,0.46832756838316997,0.4290996333884289,0.45031746733329964,0.3738758364631924,0.4624683830120813,0.4172617735215223,0.42548919417365644,0.5723365079535259,0.463318048653584,0.5579799778335427,0.24626848390337824,0.5421630838200465,0.2988828465247817,0.4828862387571114,0.39076033612416666,0.46259750596860894,0.4882923090162498,0.45660355850956835,0.495579107203599,0.4370152808312704,0.5116329634233627,0.5012576063072711,0.47616393932208734,0.5355037762520735,0.5017931243565962,0.4965333384286286,0.1455269521467088,0.38525452533018256,0.22642935726709532,0.3337263553487019,0.26991658206630376,0.2438408770627803,0.136726668267071,0.2963574722251419,0.36157922074246374,0.3080120045985966,0.2736028248825612,0.47035179252943266,0.3162412553925652,0.30163594668852095,1.0,0.6668309242507219,0.27518673373308644
O,0.321583804505268,0.31569040835479756,0.18286196247293615,0.2692980684380972,0.2001775344117021,0.15301633341529977,0.23768534077651482,0.1662017507013759,0.2066288081921923,0.32081204571952465,0.2632080206956565,0.2640700595510339,0.1888833802638909,0.35528236989540907,0.2624251661287136,0.3119799299783946,0.220304364921126,0.2799846895111594,0.21878963333040138,0.276374906910372,0.43543245961711646,0.42698122739862293,0.3908351186972724,0.4118508395668235,0.41142669057261705,0.4395414394099324,0.49643802251603236,0.43936662081781025,0.28612232561298917,0.4371365893350815,0.3491559615737345,0.28384930941018094,0.31702209581815893,0.30365169137330683,0.1987068666247085,0.2723837524076079,0.32648618830367904,0.3483450768491457,0.299789994652132,0.2788802209528559,0.5048748093834539,0.46406296586735335,0.36816576477668583,0.27609198253318756,0.18983641598135165,0.4988079083626765,0.5450785094821743,0.4212461789242039,0.35144429195309956,0.4770614545345557,0.28828336021834305,0.3756468388672626,0.42814932683436097,0.34759162442751623,0.5197355808914835,0.31987088867250824,0.5219989737929406,0.28463534080073005,0.455270864141564,0.33378385327109655,0.3692496179953968,0.45427597628883776,0.3719416865034099,0.33332365154855137,0.30053534469416066,0.3750415650349923,0.3910632702200421,0.29565664473895775,0.5388168597884495,0.36146127774807396,0.3817306992951763,0.11408111836157782,0.36081185228316104,0.3426013895759676,0.37288647987671164,0.3257441412104499,0.2894522897412259,0.18595327737387488,0.47865710694756425,0.5862533529333133,0.5417830922726282,0.48725434097740977,0.6083524952092293,0.5563954756362056,0.5405078023774038,0.6668309242507219,1.0,0.43164580349192383
EQIX,0.41262242761896595,0.4465962605810677,0.375109649485807,0.36565334072993166,0.33730356071457296,0.3685517603280217,0.2692009070733092,0.3447635020349142,0.2785642523098682,0.3652764893663635,0.4124892996978004,0.3644964692336195,0.31508669467596756,0.30142399496635686,0.31501123612311666,0.3716670351696349,0.39856495018148896,0.3298001655201525,0.2698294425366268,0.340754649979369,0.2872374416812058,0.2908646514525557,0.24027387850007015,0.3117162916952526,0.33083171643285025,0.2811178235213725,0.32036506705117257,0.4526521037014252,0.22561846996651183,0.2580549099536844,0.32680748691467304,0.27521177271221436,0.28707002519247365,0.24358186380974714,0.28669006843421585,0.43621045735792224,0.43892425205056007,0.43964927867867687,0.2316798244206496,0.2094256978129551,0.3688909131699922,0.4172421340229114,0.41436122700792305,0.4135856238346682,0.3346658299294475,0.46161004925431476,0.37072292964804165,0.39061156849738976,0.3318623261020851,0.4033513217069215,0.2553879389598705,0.25478902353808563,0.2552379748705815,0.23579487096584453,0.3532446173736812,0.267026789049361,0.2653902182701425,0.30979421584466155,0.34194791744187686,0.3038679147742745,0.14335137692854844,0.20441674052325406,0.1677469164756384,0.1141135586757896,0.13383345862512627,0.1510382690494516,0.168819979263415,0.1398252956263755,0.2598645223581718,0.12540692016779015,0.2921621569236504,0.2796687938484477,0.2715583644048701,0.2542520966677516,0.2639888872798197,0.3161816180077573,0.3022362967425973,0.29486888778794196,0.472848947757957,0.43874682471098453,0.4342402169169952,0.4211502879832318,0.6293809711985386,0.6184585333395952,0.5959764940073169,0.27518673373308644,0.43164580349192383,1.0
