,AAPL,MSFT,NVDA,GOOGL,META,AMZN,TSLA,AMD,INTC,CSCO,ADBE,CRM,ORCL,IBM,QCOM,TXN,NOW,AVGO,MU,AMAT,JPM,BAC,WFC,GS,MS,C,AXP,BLK,SCHW,USB,JNJ,PFE,MRK,ABBV,LLY,TMO,DHR,ABT,BMY,CVS,KO,PEP,PG,COST,WMT,HD,MCD,SBUX,NKE,LOW,CAT,DE,BA,GE,HON,LMT,RTX,UPS,UNP,MMM,XOM,CVX,COP,SLB,EOG,PSX,MPC,OXY,KMI,VLO,DIS,NFLX,CMCSA,VZ,T,TMUS,CHTR,EA,NEE,DUK,SO,AEP,PLD,AMT,CCI,SPG,O,EQIX
AAPL,0.0934566678594933,0.05916346596962071,0.0878602924320029,0.05793026660486324,0.06646630850367964,0.06135211474805255,0.0873944115818575,0.08362450070225409,0.059811154234640986,0.04431766171077771,0.06385727394662713,0.05780338539217112,0.040890643363980794,0.032126167138700625,0.06842357003241681,0.05727533796529863,0.06521347289103842,0.06521429395157155,0.06977977452531389,0.07524440536933502,0.03787652335112642,0.04259880189912919,0.03938419780743364,0.04642978807932002,0.050369416529507556,0.04779328043963116,0.04815698885573282,0.0507356568121358,0.037830174628324845,0.03746762249204794,0.018681121003418236,0.02295300178515413,0.020434173838280303,0.02305821252055297,0.027181486077145343,0.039624591879848466,0.039152946839054445,0.032753199155991244,0.020362552622291738,0.023351664935716904,0.020566620688881532,0.025584183801626536,0.0216691914579678,0.034311415695342885,0.023142648820676303,0.04158285130620955,0.025989893301985825,0.04435553548045704,0.04793477642295408,0.04432078191213932,0.038956425377845834,0.03796346892822797,0.05535947817098642,0.041433824720475285,0.036184744523079064,0.020193196561861377,0.03146644954104495,0.03940464728984798,0.03664038468355878,0.03428598303027306,0.02719165392755482,0.03199890341479013,0.03696148715162052,0.03856334107193024,0.03394939292599554,0.03528707129038649,0.04067591155351391,0.04264928424258117,0.027391879100533617,0.035820621094199985,0.04075373699486157,0.056989228851668614,0.03398037049471882,0.013618573363176394,0.020138891437688804,0.029550417893548894,0.03589820796855388,0.03196400150464319,0.02660729038593758,0.01671225897162883,0.018933441144876127,0.016432519069509318,0.04249221978402615,0.028203238830149312,0.02883555520665939,0.040937655055476974,0.026277938432780423,0.03599246916124444
MSFT,0.05916346596962071,0.08161954455384271,0.09426026287671424,0.060112335884234855,0.06996985072920442,0.06541116530538957,0.07674284496415762,0.08360100102051804,0.058460506600006075,0.04211224373419228,0.07188553095492943,0.06775302254571555,0.05266843438585587,0.03044755440524483,0.06038284470205381,0.04987711280350072,0.07917743539774193,0.06467861218588992,0.06902183756627314,0.07327956857478686,0.0355517241806809,0.03888200779090842,0.0362109345736313,0.04244280050864738,0.04752605348022237,0.043488806024105424,0.04590431444453469,0.049054725583071744,0.03816691990150129,0.031778754614356065,0.01659304250537826,0.021098946473115512,0.017465238784133925,0.022854736238333707,0.027279885368213373,0.03850060245198041,0.038493262530272646,0.032769544614190696,0.016099618333510916,0.021859266052705422,0.01817522333644635,0.022301666712619447,0.019443134786123115,0.03323036933192039,0.021103290915629257,0.03902283257727349,0.023829022738390323,0.04032320154383884,0.04176946444745186,0.041143828281491386,0.0337834830373353,0.03118884397000192,0.048316340002966654,0.03577758000830697,0.0326393676383336,0.01891703894249731,0.02897685492334975,0.03283592769475658,0.030879045031195946,0.02944200525113367,0.020837626484178508,0.028774494467480236,0.03193188309137704,0.02919534538119038,0.029638055771669836,0.030014797329738784,0.036355749322322224,0.035334500499013675,0.025660700010420978,0.03250169162569281,0.039138919333675574,0.060092719634059245,0.03165419232955292,0.011197934482397847,0.014584934977627232,0.029264016255614027,0.03129822328007865,0.032501986415117076,0.02433001610002959,0.01528398713433846,0.01731597445070874,0.014508714696364694,0.03717647857540453,0.02796649127459401,0.02706658889664879,0.0333299110422207,0.02410740400695657,0.0364054019957971
NVDA,0.0878602924320029,0.09426026287671424,0.2579142100235062,0.08887152736013705,0.1106879239127033,0.100341617160167,0.14214601550880301,0.1892979098510762,0.10424010059882013,0.061124060575718175,0.10163956270360454,0.09660455171933122,0.08099033376446874,0.041596376699619186,0.11815344037349003,0.09331349961860122,0.11477290817288985,0.13318888145133242,0.1543443446289658,0.15255116299387583,0.05247308619555966,0.056231817411728495,0.052881763556771266,0.06867176424994083,0.07567234405713812,0.06725638512482784,0.06744753142244023,0.0758496970482856,0.059437891773985715,0.044483626001502616,0.01109388299727184,0.02018017809178058,0.015350187709762972,0.026000394129258426,0.03550738485916639,0.057067359282104144,0.05501502468657116,0.04065967964433692,0.015015613364807917,0.024644473679500404,0.013907237157430028,0.01971431093758508,0.015923950876377033,0.04649509517599423,0.02476521354278772,0.056807443415358684,0.026550224107926852,0.05905720267572504,0.06267010114514694,0.060776450014288705,0.062477086915693134,0.0522341965671031,0.07815003615516157,0.06684970912770209,0.045174081123428377,0.019361897094395616,0.040704061984017804,0.05050252019677608,0.04494498797368341,0.044635573895576756,0.030378754803857082,0.04090491039313203,0.05029794201742329,0.05235890366485211,0.044995811554598655,0.04430374758824319,0.059570982078899486,0.05339125988784746,0.039352415547177125,0.049788108789587365,0.05730252999967052,0.09999337526910682,0.038846558797140274,0.0050842563376608816,0.012291548129539418,0.03660053275473894,0.04167712370596408,0.048811283007125505,0.02739258131639173,0.007957063618266461,0.011380350468131609,0.00780953315099244,0.05060605428399147,0.02796283317403963,0.02801158120400775,0.04647390919984376,0.02482292684282243,0.05435625617225761
GOOGL,0.05793026660486324,0.060112335884234855,0.08887152736013705,0.09611814442873569,0.07659318170777642,0.06762312439556405,0.07760954122854827,0.08559397951906456,0.058496194358935646,0.03988354248243093,0.06443845335861248,0.058963979671834636,0.042817874760860845,0.030462758771420826,0.06327663262114035,0.05170705626227796,0.06669597523349755,0.06316009350848449,0.07403189301908764,0.07544550443824814,0.03702417313730942,0.04068712532863631,0.039019713772593036,0.04487003712392994,0.04815798557829349,0.04660113226961855,0.04783749762333576,0.0486816268563341,0.037263927386144216,0.035741406536989026,0.015183718219831655,0.019307398804146707,0.01602576280968944,0.022337827636367,0.025877236000989203,0.036891916037761256,0.03597721771771896,0.028769618386940133,0.01779490007973307,0.01887126173599347,0.016640502915791503,0.01844824421701643,0.01586407966136373,0.02900070103726806,0.018114890901354968,0.03611784536156465,0.021950366452446614,0.039420395985665206,0.041821978966096095,0.03884239767084511,0.04012694125288512,0.032951786975735683,0.05148782300277326,0.03933167923870208,0.03327241090527831,0.016102787432503454,0.03086202095127319,0.031598845847601684,0.03202442895581205,0.030767525560357126,0.02351887978160687,0.02944079929464706,0.034157223889689926,0.037663381691488154,0.033303068707116204,0.03228341532052826,0.04050997821191464,0.03961643358829628,0.027978044456195228,0.03651576421998873,0.040036916060603445,0.05798108726524788,0.031441607394630006,0.010899800416992117,0.01529495522083893,0.026181383060980903,0.03186331256566143,0.030022488516279932,0.02228488956349232,0.012197522907455849,0.014946184833094336,0.011611465454849434,0.03565385734697539,0.022596805171222763,0.021727820544251288,0.036944778339891286,0.022316593521569426,0.032346396054791525
META,0.06646630850367964,0.06996985072920442,0.1106879239127033,0.07659318170777642,0.1722250168907425,0.0864208398102161,0.08805552508105731,0.10102420167909071,0.06797297585661473,0.0409601297800071,0.07666364422122268,0.07460819772137256,0.04984913679065411,0.03003788211039235,0.06854007605977354,0.05768466035929828,0.07818953593371519,0.07509539370302218,0.08737248990083504,0.08666756444964811,0.03953505171459964,0.04436041173348855,0.04170970509372305,0.04946420131234161,0.052509177702080155,0.0519170838817543,0.052803352748042216,0.054272613778184035,0.03824868327235437,0.039722813410111496,0.011710723003820115,0.018517862018503934,0.01648220523222111,0.019312586101127276,0.02791432926790192,0.03911637254326701,0.03930552530371192,0.02925356374505503,0.01501699467460331,0.017046954260414898,0.013108152155654746,0.017143830417936778,0.015484985561890307,0.034009923518380496,0.019283775052941092,0.0435219724159218,0.023526414584710453,0.04727318885477368,0.04920292962192656,0.04689541326169353,0.037407722197828425,0.03172087475332376,0.056672479943533534,0.047118007266697515,0.036993556988412224,0.013728652317075877,0.0269728720291839,0.038392388064919354,0.031946821068036306,0.03451799967926607,0.02061042085261023,0.027610380609844828,0.03191393514568143,0.03374173089052107,0.030551396428506822,0.032544430251897356,0.03781545107729377,0.03585656022620438,0.02664735172819785,0.03247836075195414,0.04794053502411159,0.08166172042662874,0.036791890164470056,0.009171789879405411,0.01544952374797618,0.026782009741365013,0.033990432279953214,0.034448544834544494,0.021623929784244655,0.009294186826182915,0.011243418491172845,0.009931531658865877,0.03943057677208115,0.02346510255258308,0.023630308122861515,0.04318987534502715,0.022205237850554675,0.039941347167069464
AMZN,0.06135211474805255,0.06541116530538957,0.100341617160167,0.06762312439556405,0.0864208398102161,0.11772447592829484,0.09102635393936533,0.0985068350335007,0.06270378996506484,0.03973643735461476,0.07308232830111332,0.0712218046307496,0.04358702416253097,0.026594269192802826,0.06595685007279377,0.053373808176375374,0.08157792963843943,0.06613923622552155,0.07797860847657631,0.0768771289840903,0.03211441961449796,0.036723924217951995,0.03381812779949664,0.042760985641393086,0.044734770844974084,0.04144526064895642,0.04337099752163016,0.04843018628006979,0.033999103897023535,0.0290358733687682,0.009958051511632532,0.0163277563181125,0.011761894046668638,0.01591941724545473,0.02302951741899943,0.03846520718737767,0.036409641976877904,0.027317394785186713,0.012279581101674094,0.015705296584008814,0.01071767692965182,0.014541498209053816,0.012661496864536558,0.03491464357253997,0.021185577323079647,0.03853448248900187,0.016572579705117652,0.03991319025476751,0.0461759266862529,0.039612188159493765,0.03623698266392491,0.030871836394008364,0.048608430931993254,0.036920707345756816,0.02810172154303297,0.012968954202516293,0.02256049979554318,0.03714167199603986,0.028053774153374334,0.029256882380132875,0.016580112636168688,0.02119684163959179,0.026879067642660254,0.029074613161601568,0.02649931489368057,0.02546149890069781,0.03197705659472566,0.02968455142014986,0.019207563865046736,0.02650812553775837,0.042191744111453294,0.07937650002642355,0.029799259981112464,0.00728260191532603,0.011571216173519878,0.02711980772342543,0.0323452191664321,0.03251363928666407,0.01994839251756864,0.0058030630771365435,0.008742019114080799,0.008259959216112554,0.036950578501032054,0.020932285695301762,0.02084107368386566,0.028945542015519504,0.014033407933053335,0.03608157925260453
TSLA,0.0873944115818575,0.07674284496415762,0.14214601550880301,0.07760954122854827,0.08805552508105731,0.09102635393936533,0.3953083547879803,0.14002155329537502,0.0875621332266246,0.045711065732001115,0.08550272851710045,0.09044158899124488,0.057338234123482844,0.03223811482694323,0.09915297158337442,0.07768834190116454,0.09952483229230101,0.10855263648992913,0.11049453489980912,0.11812947175300538,0.05300342699368401,0.05907119076741937,0.05805217496052293,0.06746599523134524,0.07082516198178881,0.07106983768408245,0.07149422292116375,0.06807611159970406,0.053586065612785214,0.05226256305663653,0.00898361015554903,0.015658597698700587,0.014186634176939382,0.019879015608501298,0.020308359258474233,0.04816375175607506,0.047525603979019046,0.030321922134333726,0.016268517710736577,0.02438827532477936,0.014646364495498625,0.018306181450543094,0.012329919532695762,0.0424761610708683,0.023848802455085232,0.05170292029748823,0.03077390713394918,0.05849745765467611,0.06032186292495238,0.057659809568369746,0.05087335399311273,0.048917821952887526,0.08870195745263024,0.0602220398363964,0.042734538141812876,0.015775249374780292,0.045543450799078324,0.039618585807298316,0.04070431459993152,0.03715638762288821,0.029788585547381174,0.04121573812933946,0.05083883983137567,0.05663061744609078,0.04893173821490459,0.039897886129731906,0.056042379596971906,0.06250558337339893,0.0491922663875064,0.04773200099617467,0.05975876585695874,0.09148001870274766,0.03900903060882207,0.004174083549994593,0.011651337480997611,0.03200165584492394,0.050176160753413634,0.039220516761669065,0.02955486013625537,0.007740346374718298,0.008954405580687526,0.005826973053341542,0.04833750165232254,0.025379792879724004,0.029821853440204143,0.07383300423587315,0.039944994876664135,0.04829455632666569
AMD,0.08362450070225409,0.08360100102051804,0.1892979098510762,0.08559397951906456,0.10102420167909071,0.0985068350335007,0.14002155329537502,0.3092234471332924,0.11014891721055071,0.0618913449821212,0.09362017932758146,0.08907907117969148,0.07311508533947278,0.046294991354212015,0.1189738960257661,0.09651327295774635,0.10749700680879853,0.11900111218132849,0.15051095308418946,0.14950083761888078,0.04880120495922192,0.05478019980367011,0.05177911634154917,0.06539656954155443,0.07048904666935588,0.06621488015917427,0.06355413033435219,0.06947202195639557,0.05597063897752345,0.0441751989931226,0.013342715183504893,0.022964772114259152,0.015051575645376484,0.025497789195894363,0.032586297402110755,0.05548879806935225,0.053385641691268845,0.037982486394574605,0.01785577360183374,0.031673960288709606,0.014648374577448664,0.01972185458267755,0.015553691964209828,0.04435510596190327,0.023910465786489237,0.05401308251223443,0.02523799157835586,0.06113171834076963,0.061778319111528035,0.05697852709072666,0.06302895268019026,0.05106694918778944,0.07714371795513493,0.06197002436084833,0.04408870546175805,0.020954981406288643,0.03772284439446232,0.05271548390393626,0.04184550856832698,0.04391112909141447,0.031949456039391776,0.04036831168654991,0.048121967165805794,0.054093316556121374,0.04822804080935928,0.047701686781912264,0.05834812517033915,0.0552040995526487,0.03797589258399425,0.05700503350342822,0.05472715542449231,0.09589144007069902,0.03944803257771885,0.006871479699519206,0.014197737553705353,0.03707271551549227,0.041984236305134044,0.04749047916890888,0.02976168858879247,0.008256688771093574,0.013491569637398278,0.011736751651654958,0.0521885225100032,0.026963634772174977,0.02953345419255149,0.041693664923643355,0.024703800900824816,0.05470300162428752
INTC,0.059811154234640986,0.058460506600006075,0.10424010059882013,0.058496194358935646,0.06797297585661473,0.06270378996506484,0.0875621332266246,0.11014891721055071,0.2155532871839807,0.052645176008939434,0.06084746028998323,0.0569342937174136,0.05287629506685245,0.04304927794555599,0.09120196832188382,0.08325976488882218,0.06039361060839842,0.0856023593571194,0.12237140290509539,0.11610857683695813,0.04987155510560388,0.053612182369075265,0.052925160336578916,0.05867388476714046,0.06299064855570959,0.06210965476718639,0.05705254687907054,0.057374530933462536,0.048247132194943566,0.04977815937639482,0.01917845446516483,0.028875262005571938,0.020310035698184847,0.03202984460148642,0.02879859464016834,0.043177465224518374,0.04291654843880497,0.03322326952740114,0.02280799197079619,0.03233247452895074,0.020882036861169146,0.02657922642358766,0.02099447476731623,0.03283799404414608,0.022842189762805942,0.04437098322351369,0.022248319151315338,0.045479027912930396,0.047084675490736305,0.0473334603761817,0.05630156712427082,0.04498642499682424,0.07171433668943393,0.054021886794544303,0.044896010952759205,0.02304253993479033,0.03567983257218574,0.04669942527176768,0.04088838722355273,0.044509344298256176,0.03522171540024074,0.04152937500870658,0.047451028006437926,0.05871100250150914,0.043602513877909484,0.05343638732023818,0.05518709341363078,0.05590630970536481,0.03540553794676041,0.053140669119910874,0.04784657108996483,0.05783620278841196,0.039518808729034224,0.015622542865646466,0.023067996524048714,0.030864722952826634,0.03525619355959392,0.038408354292436886,0.028984107764060383,0.017270875932334482,0.0205986928433326,0.017852438545759994,0.04527411037516837,0.02493232262971074,0.02698593872983313,0.0480812628962678,0.02564248862751155,0.03690254968296549
CSCO,0.04431766171077771,0.04211224373419228,0.061124060575718175,0.03988354248243093,0.0409601297800071,0.03973643735461476,0.045711065732001115,0.0618913449821212,0.052645176008939434,0.07143566316452192,0.04453382991270642,0.0416232934666879,0.04205775695713074,0.03688582117259787,0.04589455614059312,0.04616045403508404,0.04444977285043938,0.05209763062302068,0.05940566272009525,0.059044302588884864,0.03869453641028819,0.04410329843974337,0.04171479712261105,0.04252679443761444,0.04763262609729343,0.048112261506903946,0.04562918534858305,0.04372637277532266,0.03871501535279447,0.040529690436275766,0.02057782097614626,0.025290281275322027,0.019531628921553263,0.025716615226914177,0.024880369045648845,0.03207372509011121,0.03136384016109524,0.02956346959487281,0.021970804561457755,0.02654011343463714,0.019961171610794654,0.023323999346121733,0.020471139610170854,0.02677150327180957,0.021312837189176065,0.034296756989295005,0.023187049619523007,0.03819094972346098,0.03763907872301671,0.03610265758518474,0.04114018040501461,0.03722591807819845,0.04503505911162754,0.03940489589895303,0.035368618591071,0.023069345894932272,0.032762570326480965,0.032868393085870785,0.034258338561653945,0.03518218482667546,0.029963524767434472,0.033660006080979875,0.03937149662795329,0.041986151644390485,0.037363358410041146,0.0396150053746045,0.04297090057994436,0.04388222712180564,0.03028074304893504,0.042887028230332094,0.03708947736586054,0.036665063035811234,0.03150253967029737,0.01637654567975812,0.02318783215254483,0.026372955819807354,0.029206174187181303,0.0246149703202631,0.022636785646944903,0.017843702439426522,0.020114760729407693,0.016396457883015886,0.03429140432667302,0.02295950005775793,0.02309560309400124,0.0364103363311693,0.022919238436994498,0.02785690901626516
ADBE,0.06385727394662713,0.07188553095492943,0.10163956270360454,0.06443845335861248,0.07666364422122268,0.07308232830111332,0.08550272851710045,0.09362017932758146,0.06084746028998323,0.04453382991270642,0.13029474657282794,0.09191702998136247,0.05221824441681732,0.035833761910031674,0.07228200639848693,0.05720598659276903,0.10414542731992196,0.06781026316283187,0.07143921296721796,0.07781958492686236,0.03503233022885036,0.03805312399931058,0.03535022809633948,0.042596316940906556,0.04640519186623333,0.04382438226979123,0.04752502332478212,0.05272523328172065,0.03920366345932286,0.03432489681066814,0.015566575289937223,0.02199798938645592,0.01659492657921967,0.025073323199477172,0.02985303752933674,0.04542854041037112,0.044675206956371206,0.03644206352170277,0.017359932566498704,0.019208599030254753,0.018558868951526263,0.023893341973327098,0.019288661995566697,0.03856319724693792,0.021078986218169588,0.04556031836954489,0.025049690838082863,0.0455516953930512,0.04838717201852011,0.048447385978299604,0.032213675197745636,0.03274677566664684,0.04987072871495926,0.03533141178251949,0.03432636030320817,0.020140724088691674,0.029399835631941342,0.037954374038944395,0.03353800264329544,0.03133482606251668,0.020432308164040427,0.02700626357951158,0.032911167523555454,0.030465481883553674,0.0309887432542628,0.03176386817762323,0.038669075695966074,0.03721830289233222,0.02442373825129305,0.03384398521674277,0.04249389028583422,0.0760326292191895,0.036924371758796586,0.009237179679180751,0.01497756887894362,0.03391808214653032,0.04187581838580035,0.04043440278278642,0.024643827905854416,0.013440964271887476,0.015189008412616353,0.011938612811545145,0.04263535025444601,0.03301122470282205,0.0315131690763793,0.036763657915957274,0.02539537018103837,0.04248443089291667
CRM,0.05780338539217112,0.06775302254571555,0.09660455171933122,0.058963979671834636,0.07460819772137256,0.0712218046307496,0.09044158899124488,0.08907907117969148,0.0569342937174136,0.0416232934666879,0.09191702998136247,0.13789000880380595,0.05180952053386852,0.034409926691656045,0.06493314359026088,0.05120214271813051,0.11102907985781767,0.0635902167362671,0.07018604100284886,0.07274617871197744,0.03735582207497848,0.04236012819210927,0.04017553601784929,0.04580065476025861,0.0497504961735536,0.04772586409225748,0.051196399237273996,0.052171360047909114,0.041919311378030615,0.036592924570856666,0.012833460640446949,0.018332712644508576,0.016065667575506152,0.021781349669652568,0.026662031923888597,0.04327227917497259,0.0422730058336734,0.03383724524452228,0.018221253258861075,0.018102060441308167,0.015753512694871966,0.019651969910419103,0.014857466577224759,0.03248565862749878,0.017671472505471412,0.04168789367698612,0.02465900172507611,0.04285633780531316,0.04715697517139035,0.04510014239596593,0.035702416832355297,0.033851901794638276,0.05443121985374225,0.038062752183911516,0.032438339036436725,0.019272918417780713,0.03197652630057341,0.03483375326687082,0.032832139279184186,0.030708632295533136,0.023282674001463464,0.029979811587384827,0.0375404893111939,0.03445591567265424,0.03648462169008822,0.03535636672501509,0.042954876101363205,0.0390207025135415,0.0290513752329664,0.03963820574428956,0.04467571225654848,0.07518327230652615,0.03381039444826705,0.00949799708372839,0.01746200394791188,0.03213209814345748,0.03930571213260847,0.035929668521782115,0.021820321724128146,0.012233796971619136,0.015332209691317707,0.010966626292073352,0.039314438504666954,0.02838646541903779,0.027804672343051517,0.04065841664902375,0.026210634765923415,0.038620099698833774
ORCL,0.040890643363980794,0.05266843438585587,0.08099033376446874,0.042817874760860845,0.04984913679065411,0.04358702416253097,0.057338234123482844,0.07311508533947278,0.05287629506685245,0.04205775695713074,0.05221824441681732,0.05180952053386852,0.1347384096852472,0.0369529954788758,0.050304390041736195,0.04211364093224626,0.060411469620888836,0.07059460505782199,0.06950733170367551,0.06433899841627941,0.03889534616056186,0.041506271980747064,0.04045252712743959,0.04525218372248837,0.049545218962230075,0.045905064766771295,0.04521916590152323,0.04297012487579502,0.03980143553458541,0.037906840107562505,0.01382432060106598,0.021465846269370877,0.013919116115307396,0.019557428333468345,0.02872478560897674,0.032131863658102236,0.03166686955876988,0.022576825065797456,0.013801572422474056,0.023884395013421243,0.013832076991471536,0.01923059531885029,0.016211337773775404,0.02489894097310478,0.018439283842876818,0.031620122808606516,0.018260854479527633,0.035605811378931686,0.03384086815714103,0.03270683751116503,0.041208874747196755,0.030434857353107685,0.04422101014401487,0.043718066380785105,0.031080348863964803,0.022584347193781544,0.030664973273458185,0.03107385562663115,0.02754938006219151,0.03248621815176297,0.02265487779081039,0.029107818125383166,0.03433486331303256,0.0351504757327529,0.032342215829694154,0.034670262685603276,0.038287187403023816,0.037924922249180384,0.02843848124321545,0.03527705892322043,0.03469121937643474,0.04233306277476562,0.02593534627125237,0.010690497946283434,0.016489170662055404,0.020235727015162363,0.02885583147337739,0.02399198117888742,0.019045195443328417,0.014473979432736567,0.016305555884777046,0.012354850444793765,0.03301873710147784,0.021050403235101676,0.020585784117038573,0.03076715918529602,0.018532389979625884,0.03300117765499117
IBM,0.032126167138700625,0.03044755440524483,0.041596376699619186,0.030462758771420826,0.03003788211039235,0.026594269192802826,0.03223811482694323,0.046294991354212015,0.04304927794555599,0.03688582117259787,0.035833761910031674,0.034409926691656045,0.0369529954788758,0.07390632853917088,0.0376258341712422,0.03477564637820505,0.03373220122793251,0.040727332823378724,0.0476086606368,0.04837750320352436,0.040217267428969125,0.04376403009708514,0.04300552834439272,0.040317700630183306,0.04535661088388109,0.047906759825410476,0.04649066075504552,0.03780800121614067,0.03861255780868886,0.04226578327810001,0.018430064925420316,0.023897376082511516,0.01840858008002539,0.022438236075463334,0.022191377700360407,0.026863168338992646,0.023571865769096027,0.02474395161539806,0.02027515459763096,0.0257004494503026,0.021484824072070165,0.020959523324026886,0.01914299299506755,0.020489619429340418,0.016262962041188708,0.030397871872637258,0.02226451021424323,0.03150780998584713,0.03178376727789623,0.032244779144643534,0.03797658390893764,0.03534800935845085,0.045963437402812564,0.04322080508514486,0.03421692994554406,0.025515624048277924,0.03643668200483114,0.023303496393937636,0.030561809080354645,0.034390450387022306,0.0320579968500509,0.034656057926214526,0.03944584232146196,0.0433020364320969,0.039100429036512625,0.04109942215762517,0.047072840981531236,0.04680111301607184,0.03192613970267231,0.043869876958257975,0.03201889987703293,0.020780148702018875,0.026797956764663802,0.01706321269752193,0.02608472043263639,0.01876849030777979,0.027284281123360125,0.018735943317861527,0.020571556136342945,0.020936678647492844,0.023070052020846346,0.01722340910960263,0.030700827987653397,0.021879465342385614,0.021765589219221615,0.041435231662881954,0.025817039960328768,0.023381496320334646
QCOM,0.06842357003241681,0.06038284470205381,0.11815344037349003,0.06327663262114035,0.06854007605977354,0.06595685007279377,0.09915297158337442,0.1189738960257661,0.09120196832188382,0.04589455614059312,0.07228200639848693,0.06493314359026088,0.050304390041736195,0.0376258341712422,0.15825225412831853,0.08111918059119903,0.075729353668259,0.0966244265055905,0.11258562443048767,0.11702006099442436,0.04652265768392494,0.051320070317474174,0.05066331157227829,0.057676987470457665,0.06150125661495,0.06017473488590226,0.05895357372460123,0.060674286649255796,0.048062610295779254,0.04829168025743426,0.014660873050569376,0.023405486560295917,0.016547911404052998,0.023446484579284225,0.028304271276333698,0.04205266347548719,0.04353915797619711,0.0317098551596602,0.018558758955167162,0.025004343972611313,0.017162435742017722,0.02221131828609273,0.019237538697049902,0.03599533786887562,0.019530992097534706,0.048191519891531746,0.025724162301073886,0.05140169434956289,0.05435480492529049,0.05252561357616312,0.05442405529911788,0.046650167886185326,0.06523830969569532,0.052013597916899273,0.042092896518343116,0.017011744128428753,0.03537670922388219,0.047045113478597786,0.04101310290189064,0.04013598616381638,0.03322927025314878,0.03982245841485532,0.04426957602776601,0.05590349620280355,0.04398683912466905,0.04799791942063919,0.0547394338248173,0.05400624198215951,0.034184264018822685,0.05308093038743545,0.04955308224887459,0.06269956134649494,0.038399631632815026,0.012396059735016732,0.019587892152978813,0.030472089462282328,0.03667890372097164,0.03466011251883485,0.024285313825333586,0.012565908591840074,0.015756608246995554,0.012560588529092072,0.04297705598439893,0.024386864925761,0.025169461511228692,0.05133948005668662,0.027904382019118767,0.03575647207480081
TXN,0.05727533796529863,0.04987711280350072,0.09331349961860122,0.05170705626227796,0.05768466035929828,0.053373808176375374,0.07768834190116454,0.09651327295774635,0.08325976488882218,0.04616045403508404,0.05720598659276903,0.05120214271813051,0.04211364093224626,0.03477564637820505,0.08111918059119903,0.10815039072545188,0.056430191069490515,0.0761104127347565,0.09941182887338829,0.10216306729978747,0.04382798482497203,0.049210489045484924,0.0483645246534215,0.0520198188850494,0.05587176266071272,0.05419678787421156,0.052014438123470896,0.05491122284479416,0.04536052385448851,0.047540942394357674,0.019132033512738136,0.024245953026266434,0.021613283577236284,0.02626339390684442,0.02648975154361887,0.037919269126853464,0.03941149373546909,0.03196153643511765,0.0230721302953888,0.029007617544727877,0.019334788810176952,0.023996575263648318,0.020070636337020883,0.03345640670515737,0.021875353994652853,0.04401411249978695,0.02459195047126886,0.0463580525928469,0.04779586993620313,0.046037420593688046,0.05261637317432646,0.046548586248617296,0.05767687881324716,0.04719856038785914,0.03975692708799213,0.020388463377866605,0.035584410087000425,0.043899302763239244,0.04284633209391485,0.040724389933251996,0.03330410377519934,0.03847492562418541,0.04419452854904651,0.05127257861367327,0.04181392947513989,0.04216818701614879,0.04745493914720475,0.05096119724858521,0.03235156313270133,0.04422180294086449,0.043125670298241985,0.049510264421256875,0.039437531761998226,0.015346750862326277,0.022987547506309942,0.030403217274946277,0.03710896579030823,0.032989553622129304,0.029336385370697958,0.016496941464869394,0.020385426686801423,0.016988498571849937,0.04242905293006938,0.026472079563469513,0.026831626694508885,0.0449176697575578,0.027424118597049518,0.034875605367392336
NOW,0.06521347289103842,0.07917743539774193,0.11477290817288985,0.06669597523349755,0.07818953593371519,0.08157792963843943,0.09952483229230101,0.10749700680879853,0.06039361060839842,0.04444977285043938,0.10414542731992196,0.11102907985781767,0.060411469620888836,0.03373220122793251,0.075729353668259,0.056430191069490515,0.1761055040791355,0.07421117201656005,0.07847070664588036,0.08419978747180834,0.03337920145651343,0.038029624875569316,0.03577139744810141,0.04378879786659512,0.04994958791383929,0.044572655523073615,0.05138417965468445,0.05556222578889543,0.0447794075505058,0.03399627611651035,0.013374978494608563,0.02281630312078955,0.015597337678975554,0.02493814041528488,0.031018528821838063,0.052269686885661124,0.05181695366547788,0.038174298369853414,0.017049175767591032,0.0158387414868394,0.01483822305878702,0.018441925725824804,0.01473652255210586,0.03706282603735674,0.018551213958753653,0.04499410961261336,0.022004937764731964,0.04537494915311664,0.05089486137436984,0.04853207255304421,0.03654665696436566,0.034592940351502774,0.05647318852903105,0.03872515005452476,0.03292197767844933,0.019066426672707956,0.033016465249295364,0.035708888096515165,0.029152015142288826,0.02846206448267354,0.020318026399563417,0.025652650855844332,0.0320653725184922,0.026684464933311027,0.029085846141686886,0.03357635807892126,0.04227181849038906,0.035808939434738764,0.02537991365912154,0.0372163164545746,0.048114934127682835,0.08690839344228096,0.034330501817836895,0.007606813895783671,0.015318429604401355,0.03577101024222162,0.045957070913104955,0.04177437434595016,0.024996983961479854,0.010888032635986401,0.01381443283483155,0.012006291844638367,0.043516339034731503,0.03410328796572623,0.03295274347160902,0.03597756940202113,0.024711638524694077,0.04772426342223065
AVGO,0.06521429395157155,0.06467861218588992,0.13318888145133242,0.06316009350848449,0.07509539370302218,0.06613923622552155,0.10855263648992913,0.11900111218132849,0.0856023593571194,0.05209763062302068,0.06781026316283187,0.0635902167362671,0.07059460505782199,0.040727332823378724,0.0966244265055905,0.0761104127347565,0.07421117201656005,0.17110263525155922,0.12613074734786353,0.1232088993563278,0.048646481685434874,0.04969836254036885,0.04762617656344275,0.059694698673157,0.0636605283297391,0.06170661774258352,0.060335378436485405,0.06031373391304429,0.04702662332744792,0.044960494224013325,0.010481696028837558,0.018215152613831737,0.01587593352093089,0.022315207665928115,0.02747899163343805,0.03939188841276953,0.04097433961166412,0.027855600046972587,0.014739299960793288,0.022501672644772798,0.01486933703457489,0.018215971719039607,0.012994468983132107,0.03449282443110298,0.018229245946328656,0.046100293169893114,0.027034747859286154,0.05228704071249758,0.04961968183365764,0.05157752062911637,0.056886967849174845,0.046214544188155744,0.0700655095662984,0.058845104976013446,0.04158845894853879,0.018613975434266457,0.04211905057243877,0.03686236629660058,0.04086852961112812,0.03970203796372257,0.03146134530791272,0.04238209639449501,0.048900899118293956,0.055225901127364994,0.04517956983764345,0.04419797395720752,0.053911614844134884,0.05481924989883284,0.041371987378549,0.04919442717257108,0.045440353350200476,0.0625611560860965,0.03289217229748537,0.007045702507006034,0.011520905335185402,0.026800099093829497,0.03326661087699752,0.03423989694258906,0.02412708797633147,0.011595083162542215,0.012563228121290744,0.010251041959484187,0.04143225498407364,0.021554375985670424,0.022358228764762476,0.05524767748661321,0.030956696421155148,0.03892538202999009
MU,0.06977977452531389,0.06902183756627314,0.1543443446289658,0.07403189301908764,0.08737248990083504,0.07797860847657631,0.11049453489980912,0.15051095308418946,0.12237140290509539,0.05940566272009525,0.07143921296721796,0.07018604100284886,0.06950733170367551,0.0476086606368,0.11258562443048767,0.09941182887338829,0.07847070664588036,0.12613074734786353,0.25323157907614763,0.16162098163238134,0.059742160440648624,0.06850450133456865,0.06715375513307156,0.07644203746838185,0.08120022658438161,0.08037503256463147,0.07607496314020123,0.06972674748753906,0.06504830406630703,0.06187507420406204,0.013705992236142819,0.022570946955456566,0.017877815249181937,0.02883371916583189,0.02810327072603197,0.04887168820655267,0.048865074289947893,0.033836509407631624,0.019335465774543547,0.03154533624045838,0.015198898584364007,0.018550118547616064,0.014415808598998684,0.035718292442499334,0.01917622103128157,0.05093314583177618,0.02361719582953961,0.060830305518140323,0.05973297491361394,0.05574138007306684,0.07395876094661473,0.05705397224245356,0.08673136813625161,0.07621340749983041,0.04841130831118793,0.023080533174756505,0.048691960542663684,0.05048551024731318,0.04646361130162861,0.051872251202667675,0.041415670290598845,0.049176735230556115,0.059648697258007095,0.07383780976705037,0.05781335089849633,0.06262899661000132,0.0733023594242459,0.07242483875540805,0.043483555687029725,0.06917836148530815,0.056135695339188184,0.06874762003982515,0.038320426162217716,0.0066822472453234695,0.018398362450983474,0.027999307047644913,0.03789125163292981,0.03947981418838082,0.022690618965189945,0.007435836647003832,0.01253366490772808,0.008554794335532377,0.04694895032137065,0.017806594587128154,0.018309520845157686,0.0632983521925834,0.029429145198627386,0.03874377490026345
AMAT,0.07524440536933502,0.07327956857478686,0.15255116299387583,0.07544550443824814,0.08666756444964811,0.0768771289840903,0.11812947175300538,0.14950083761888078,0.11610857683695813,0.059044302588884864,0.07781958492686236,0.07274617871197744,0.06433899841627941,0.04837750320352436,0.11702006099442436,0.10216306729978747,0.08419978747180834,0.1232088993563278,0.16162098163238134,0.2018479950521876,0.05870165187090827,0.06447005613189254,0.06351449181514532,0.07220776352572417,0.07867135896767978,0.07653096353132158,0.07285827729110969,0.07414818581282072,0.06266239698782645,0.057455146151065555,0.016882370856525577,0.02650648028975504,0.021350439076631735,0.03101427387666507,0.034121117509230976,0.051085004834444565,0.05149373989256847,0.03670958511303592,0.023142852021998707,0.029598093501584165,0.02031477111007179,0.024917007604450828,0.02015005575460254,0.04170368284708881,0.023541250148791198,0.056214628966630965,0.02749879022253493,0.0611726546798474,0.06131986948446619,0.06009203062570896,0.07130619205870968,0.05582347844211529,0.08455041858461314,0.06943610589932722,0.05175121796604179,0.025365602643566215,0.04939514299263111,0.049623940191234485,0.05020278111588163,0.04790628832932419,0.04181801307615205,0.050825174703015834,0.058031877144589884,0.071552627192641,0.05545213930807216,0.05808223297110045,0.06902030521865998,0.07046606002360824,0.04260050995171825,0.06537709058389038,0.05725012580687036,0.06919174157903278,0.04202122023946916,0.007766283589222556,0.018256002102652862,0.03422484347490653,0.04114657675121881,0.0435945488237031,0.029169337709331583,0.01415571310894564,0.018425899994073906,0.01422127446673952,0.050204457028658694,0.027916178353072592,0.02868537285575847,0.06277608898773016,0.033189660117711725,0.04368251916070987
JPM,0.03787652335112642,0.0355517241806809,0.05247308619555966,0.03702417313730942,0.03953505171459964,0.03211441961449796,0.05300342699368401,0.04880120495922192,0.04987155510560388,0.03869453641028819,0.03503233022885036,0.03735582207497848,0.03889534616056186,0.040217267428969125,0.04652265768392494,0.04382798482497203,0.03337920145651343,0.048646481685434874,0.059742160440648624,0.05870165187090827,0.08339832132929134,0.08111584729718989,0.07951304207499768,0.07320646532049159,0.07687831213797201,0.08564578073832445,0.07481860768518375,0.05628064867520481,0.06532627209258894,0.07315581048751181,0.019503862762834476,0.024111212993317727,0.020391153038844232,0.025251857389001205,0.021778479069064847,0.027608192682750415,0.02888223761456809,0.02687689260670627,0.02110356501739948,0.03455476210666256,0.023852852312354143,0.020820850159764714,0.017548860152904515,0.020447803367463546,0.017009387162676182,0.0370375321624936,0.02726643370220214,0.0435669616855624,0.04057746671156951,0.03984455283248878,0.05636319356901178,0.04964477250842198,0.0707291123048532,0.06181098705193766,0.046474235584567945,0.026025332756011255,0.04951494968312507,0.0354058409270423,0.04542907196732825,0.04187814352153208,0.045643195740327276,0.052073945285571056,0.05977014313352438,0.0686554674925021,0.0578212615183049,0.05981299420979503,0.06677703902858598,0.07241494616321227,0.04636437776518481,0.06443055718205634,0.04918814851476881,0.028695074006816406,0.037558496013143525,0.017960169656072875,0.03067385747210643,0.025367843356623797,0.0315854216483614,0.01736344316614882,0.022163918443563566,0.02198097914037383,0.023001750068977964,0.01694994211104778,0.0368055304373522,0.023084345175613946,0.02369939659842085,0.06493839673916058,0.03361177370623057,0.023668643572958125
BAC,0.04259880189912919,0.03888200779090842,0.056231817411728495,0.04068712532863631,0.04436041173348855,0.036723924217951995,0.05907119076741937,0.05478019980367011,0.053612182369075265,0.04410329843974337,0.03805312399931058,0.04236012819210927,0.041506271980747064,0.04376403009708514,0.051320070317474174,0.049210489045484924,0.038029624875569316,0.04969836254036885,0.06850450133456865,0.06447005613189254,0.08111584729718989,0.10143665696820292,0.09208196980460115,0.08031383471789648,0.08634694544002207,0.09664558247483974,0.08223907190803878,0.06296667823971655,0.07772238244128699,0.08501159683483447,0.020532269397259467,0.025783718691863935,0.021166938654141317,0.026920753203661836,0.02171646298247023,0.031118737552413046,0.03246941975906435,0.02965049987749509,0.023102064245736232,0.038099422190238624,0.024942061248877347,0.022296954515258156,0.019340570074784846,0.021709401330341927,0.019127684918118545,0.04100962690529888,0.028618196377938467,0.047928294365785995,0.044882205803974756,0.04498973671890319,0.06243155560508501,0.054501519132484244,0.07569142861317348,0.06695122151890408,0.04999953012241668,0.027483997836177568,0.05167796635750837,0.041622325286203445,0.04855344757464908,0.04726443957490566,0.052154474100873885,0.057289163135710766,0.06774361808830219,0.07688901268321476,0.06630637560087,0.06772921688914474,0.07442531409578482,0.084241744157403,0.050136498377699346,0.07380250566315677,0.05438515192676775,0.03163962396990516,0.04039928463213987,0.02059268491471914,0.03531696138586737,0.028173857606131777,0.03446097483908413,0.018464074111088694,0.024328681052104242,0.023266229749525854,0.025181800082276627,0.018521469285942567,0.04143692140952657,0.02600101549783953,0.02618461411246976,0.0714909879665529,0.03634948154976638,0.02643273329797772
WFC,0.03938419780743364,0.0362109345736313,0.052881763556771266,0.039019713772593036,0.04170970509372305,0.03381812779949664,0.05805217496052293,0.05177911634154917,0.052925160336578916,0.04171479712261105,0.03535022809633948,0.04017553601784929,0.04045252712743959,0.04300552834439272,0.05066331157227829,0.0483645246534215,0.03577139744810141,0.04762617656344275,0.06715375513307156,0.06351449181514532,0.07951304207499768,0.09208196980460115,0.11688158022076554,0.07936670140676172,0.08460638024619394,0.09548975770008862,0.08258990428454178,0.06074831102259852,0.07587804183074838,0.08790734455254133,0.019727026585221803,0.02501499849147521,0.020046145235877687,0.026034776725107612,0.02271105982975133,0.02785293940724057,0.0300227724997908,0.02636690936419574,0.023615188801362725,0.03852782432038593,0.0252539776466006,0.021740203381486797,0.018686832852554736,0.021193264755027003,0.018632290784139336,0.040309416951471375,0.02849001055831239,0.04603212817537781,0.04371893640192728,0.04312965674781973,0.059824173169811985,0.05315866926240785,0.07966020935378411,0.06784763262685858,0.04962088322090104,0.028365864871696407,0.05251820165439915,0.039381474961270396,0.04580341057979945,0.046427992752804376,0.0520046191738892,0.055170552390799724,0.06591478433728809,0.07593474146540895,0.06377603111327815,0.06547059523714868,0.07362168959221065,0.08196420360535976,0.04934031838095056,0.07091069995977191,0.0508483097735586,0.028126676539787798,0.04056257074995984,0.0195744324560245,0.03426060354639086,0.027088080958186607,0.03436893852999139,0.016077179674597066,0.023763967102176344,0.02423299477569849,0.026264738808613814,0.02004196000574223,0.04085709152578832,0.023775924463348384,0.024199734338248395,0.07262242373011558,0.03571565289214428,0.023438686013667692
GS,0.04642978807932002,0.04244280050864738,0.06867176424994083,0.04487003712392994,0.04946420131234161,0.042760985641393086,0.06746599523134524,0.06539656954155443,0.05867388476714046,0.04252679443761444,0.042596316940906556,0.04580065476025861,0.04525218372248837,0.040317700630183306,0.057676987470457665,0.0520198188850494,0.04378879786659512,0.059694698673157,0.07644203746838185,0.07220776352572417,0.07320646532049159,0.08031383471789648,0.07936670140676172,0.096708348363287,0.08851910814722339,0.08891030422545024,0.07636626808062562,0.06262976271814016,0.06841194154936742,0.07210609013533455,0.018820610688564138,0.023312610353405608,0.019522180704508518,0.024656315733438027,0.023069142957066496,0.031926127177641435,0.03474557126102997,0.028270657496793316,0.02131990556761381,0.034281228653188806,0.0209541737052179,0.020433633420214103,0.016693675083277897,0.024392978096231668,0.018853391404179968,0.04302471926994092,0.02676451480529651,0.04762309149352985,0.045572154017083796,0.04741857949216402,0.06284283678451875,0.05392085644621786,0.07417688096473289,0.06490612797356232,0.048024225056599694,0.024262618820573945,0.04945968596796362,0.03931031349377488,0.04716523122694511,0.04674877017217025,0.04522560094543369,0.051316333908243195,0.06009229173559349,0.07158056478060806,0.05788114805847441,0.059455182688151774,0.06495132080686537,0.07066990976519963,0.04793211391387557,0.06275859442175227,0.05268556223790836,0.03774785844517283,0.039546877396103346,0.01570510822567803,0.02944991494145563,0.027814385288366356,0.03566520194842128,0.022486307881044935,0.022868490992376988,0.01968222044221083,0.01937760358583401,0.015626813587095494,0.04042681035107863,0.023652944572969573,0.023915811595379,0.06754241520134202,0.03423449410070612,0.027659552491134273
MS,0.050369416529507556,0.04752605348022237,0.07567234405713812,0.04815798557829349,0.052509177702080155,0.044734770844974084,0.07082516198178881,0.07048904666935588,0.06299064855570959,0.04763262609729343,0.04640519186623333,0.0497504961735536,0.049545218962230075,0.04535661088388109,0.06150125661495,0.05587176266071272,0.04994958791383929,0.0636605283297391,0.08120022658438161,0.07867135896767978,0.07687831213797201,0.08634694544002207,0.08460638024619394,0.08851910814722339,0.10762751979990182,0.09340252277865543,0.08233040197031086,0.06847881292368392,0.0789857702614148,0.07760310397181985,0.020989814704302057,0.026326677303574218,0.02085943085435689,0.02677604263580563,0.02458108502606651,0.03689578338481329,0.038149540494097536,0.03264316243308775,0.025016740725991762,0.03592125040325688,0.023590830050133373,0.02321051703442149,0.01870376483649798,0.0255905559581018,0.020628806804256748,0.04533022985056815,0.029839293064269936,0.05088142128466251,0.05123240069748927,0.04940043980061666,0.06635120960850804,0.05787230427249819,0.07809624186256459,0.06989624031522154,0.05159710241298143,0.0270172802429905,0.05258520631065522,0.04230391793260324,0.05066469156507286,0.04978756301509242,0.049627886248840875,0.05729837017978061,0.06661595406597216,0.0772152099157072,0.06293353934208737,0.06493564140297943,0.0726965299548477,0.07635025082987008,0.051248989469493474,0.06911989290369232,0.056526753940526135,0.03850312292347757,0.041647021274689465,0.017286149116562708,0.031129791849058723,0.028452742732485214,0.0374182771032318,0.02282154003769849,0.026528110210985504,0.02222003774608598,0.023654396359555418,0.01684500793193262,0.04506497783017955,0.027490162719984675,0.027246512831365956,0.06701498909902269,0.03607830321904823,0.03096866395343312
C,0.04779328043963116,0.043488806024105424,0.06725638512482784,0.04660113226961855,0.0519170838817543,0.04144526064895642,0.07106983768408245,0.06621488015917427,0.06210965476718639,0.048112261506903946,0.04382438226979123,0.04772586409225748,0.045905064766771295,0.047906759825410476,0.06017473488590226,0.05419678787421156,0.044572655523073615,0.06170661774258352,0.08037503256463147,0.07653096353132158,0.08564578073832445,0.09664558247483974,0.09548975770008862,0.08891030422545024,0.09340252277865543,0.12319318394680318,0.08895715807992959,0.06752975348597613,0.07528907085956096,0.08923034315585146,0.019667452260640022,0.02662670479945987,0.02153713041198615,0.029491066502161187,0.023356297450836876,0.034320685731511605,0.03576639401591603,0.02933493988120768,0.0249472542176651,0.039117342878136126,0.025788383504489403,0.022262027509751512,0.018360954675649774,0.022180009893072398,0.017572466502570678,0.04540273657068026,0.03239924510840554,0.05338425681308895,0.05053441616902414,0.05098336882214941,0.06763840708456408,0.05837844035826625,0.09028128244187712,0.07698292530186779,0.05478712755227902,0.028485893933053653,0.058761784184423044,0.04210696531126021,0.052973208774574745,0.05039191618376631,0.057335495039859526,0.06389566543859083,0.07612881069104656,0.08872950027117178,0.07345204413661703,0.07700829023087746,0.08486088932169474,0.09348982555638294,0.057145846418448304,0.08378265316457884,0.06088668205884568,0.037291028422184846,0.04344155253094982,0.018628580465909723,0.035734673513788444,0.029720815829094225,0.037785039602311686,0.020505110141329382,0.02476400608425958,0.022581741121019853,0.023895310076327798,0.017557245805279585,0.04409204201304077,0.02529860289432735,0.02612068383818249,0.08282692711659599,0.041236817591278986,0.028153694050607705
AXP,0.04815698885573282,0.04590431444453469,0.06744753142244023,0.04783749762333576,0.052803352748042216,0.04337099752163016,0.07149422292116375,0.06355413033435219,0.05705254687907054,0.04562918534858305,0.04752502332478212,0.051196399237273996,0.04521916590152323,0.04649066075504552,0.05895357372460123,0.052014438123470896,0.05138417965468445,0.060335378436485405,0.07607496314020123,0.07285827729110969,0.07481860768518375,0.08223907190803878,0.08258990428454178,0.07636626808062562,0.08233040197031086,0.08895715807992959,0.11543665518210706,0.06402696873773848,0.06988399563221256,0.07949953010200106,0.019854466496742752,0.025810629471509115,0.020723179427013298,0.027112931770351855,0.023580409638761086,0.03462158309038637,0.03603035772215406,0.030420552110527663,0.02365978587543433,0.03528818091287423,0.027873760567386975,0.023526652264629095,0.019762074752560126,0.024506429543503704,0.017862842061194817,0.044653739313328514,0.03336889807480113,0.05556127774596496,0.05346135533625792,0.04893714900699075,0.06213821832517794,0.05703621044123414,0.08905049079270451,0.07030926090623632,0.05557879725181403,0.028723493905375753,0.060086051791201245,0.03957983422609977,0.050274017980839115,0.04820136634521428,0.05191435500622601,0.059547355708941214,0.06903394038534633,0.07975476304768403,0.06458444260823165,0.07223654659055667,0.07850129638529586,0.08233127126358797,0.0539186363585789,0.07853321561317322,0.06259011634895763,0.03339365576470785,0.043032062477501826,0.017727211708722386,0.031320324925275395,0.030325060970499435,0.03921593326107603,0.01902972376909637,0.02661582740680738,0.02496387674164769,0.026327034905132957,0.019277230284718543,0.04623291367990129,0.026442446845317786,0.02568019579488546,0.08342930071729532,0.045084668417553,0.031057799818516453
BLK,0.0507356568121358,0.049054725583071744,0.0758496970482856,0.0486816268563341,0.054272613778184035,0.04843018628006979,0.06807611159970406,0.06947202195639557,0.057374530933462536,0.04372637277532266,0.05272523328172065,0.052171360047909114,0.04297012487579502,0.03780800121614067,0.060674286649255796,0.05491122284479416,0.05556222578889543,0.06031373391304429,0.06972674748753906,0.07414818581282072,0.05628064867520481,0.06296667823971655,0.06074831102259852,0.06262976271814016,0.06847881292368392,0.06752975348597613,0.06402696873773848,0.08613559461615002,0.06000613943133899,0.0585567626646664,0.02248913636232493,0.026976037547477287,0.02211943937116616,0.026747164518075732,0.026253992635348743,0.04117492241928317,0.041824927098215316,0.03574028596829944,0.023184295808228315,0.030236898174322926,0.02441804452507212,0.025864078780384353,0.022341986351117827,0.030052836717441904,0.021816009390079723,0.04767673716634971,0.0298678061265611,0.04872616136613616,0.052376977514653464,0.0525700198623713,0.055054383701423494,0.04889624560565095,0.06397149622906935,0.05503953453456592,0.0462459363088462,0.026943484029733275,0.04308777951963463,0.041807351330482224,0.04602628975635214,0.045082233199856346,0.03680798680213925,0.04220612318176668,0.047782511291184465,0.054459845726306404,0.04407270890053326,0.04631834170486704,0.05304686527702161,0.05171256960115443,0.03926418009059975,0.04973217321740663,0.04896392753020433,0.045038367544567394,0.03747042058242438,0.017525767864701104,0.02719627600712237,0.030023579949655314,0.03927727104409356,0.027970297905149547,0.031645397663547674,0.023766385912720265,0.025865660870189378,0.02176862356944846,0.04668109075804035,0.03522458606396825,0.033762305466561365,0.054479292893432535,0.034467545991810324,0.037906137731708686
SCHW,0.037830174628324845,0.03816691990150129,0.059437891773985715,0.037263927386144216,0.03824868327235437,0.033999103897023535,0.053586065612785214,0.05597063897752345,0.048247132194943566,0.03871501535279447,0.03920366345932286,0.041919311378030615,0.03980143553458541,0.03861255780868886,0.048062610295779254,0.04536052385448851,0.0447794075505058,0.04702662332744792,0.06504830406630703,0.06266239698782645,0.06532627209258894,0.07772238244128699,0.07587804183074838,0.06841194154936742,0.0789857702614148,0.07528907085956096,0.06988399563221256,0.06000613943133899,0.12081481210356988,0.0729682850890947,0.018410117583878772,0.02103407238240792,0.018601403923516047,0.02257503397901641,0.020508190225669264,0.028951127656389842,0.031124257552776473,0.028231628791745223,0.019031070555743032,0.0326000565551079,0.021562190527768633,0.018869013742178562,0.016690073511427858,0.023730658587138725,0.019408957091918033,0.034558334959218354,0.0238879757942638,0.03917734464288122,0.042716839073025314,0.038917254554178,0.05830877504273226,0.05043484844450118,0.06888836981927121,0.061375097852751456,0.04502487836222361,0.026926963451010217,0.04815069769275838,0.038156212858344786,0.04302652640498834,0.04211643018275411,0.045182195722639706,0.04780477711834824,0.05719504733571019,0.06854647694300654,0.05668282808936813,0.05815414397750606,0.06609107240791554,0.06720688633513112,0.04286773455993091,0.06272262568339092,0.0468656130551651,0.03509357734243537,0.033286036964745504,0.016791119828224135,0.02890303484066448,0.027363329901709837,0.02854504450192435,0.01807807991551811,0.02034790072898791,0.01803664492419279,0.018765306129848464,0.01430648122587572,0.034332572599161615,0.02240766709506829,0.022497929572707853,0.05840950447037749,0.026582989116205206,0.022376306710837568
USB,0.03746762249204794,0.031778754614356065,0.044483626001502616,0.035741406536989026,0.039722813410111496,0.0290358733687682,0.05226256305663653,0.0441751989931226,0.04977815937639482,0.040529690436275766,0.03432489681066814,0.036592924570856666,0.037906840107562505,0.04226578327810001,0.04829168025743426,0.047540942394357674,0.03399627611651035,0.044960494224013325,0.06187507420406204,0.057455146151065555,0.07315581048751181,0.08501159683483447,0.08790734455254133,0.07210609013533455,0.07760310397181985,0.08923034315585146,0.07949953010200106,0.0585567626646664,0.0729682850890947,0.10517353195070502,0.020815702183333867,0.02684847118624514,0.02226431369632936,0.02651049564011582,0.019863240610896563,0.030880366037714428,0.03314129233601619,0.027019656627729035,0.02371620464434811,0.037776098040309694,0.025860695109098088,0.02171791382995724,0.018903518420347407,0.019503589508095442,0.01653445930989389,0.03978922307607885,0.028127819623081196,0.0464187342116942,0.045625815049053414,0.043818131409444315,0.05960422022380651,0.05197640528039918,0.07246158151439398,0.062277256324868684,0.04943395240273674,0.02734401222811693,0.051077577484430745,0.040127660126093576,0.046767635659712856,0.046537869665236146,0.04908661269828283,0.053261339303848694,0.06307896948002863,0.0774639115568016,0.060962178157361116,0.0674386533338015,0.07411065034825147,0.07939212300548511,0.047839393601072,0.07393020836980427,0.052390563625280266,0.02232744752994031,0.04231881753170878,0.0224275214882929,0.03497066128924684,0.024515562092225617,0.03586479691845471,0.014415139825507078,0.024946934027961817,0.02414470077972517,0.02628671408555286,0.02139924994284408,0.043148696133652235,0.02767846903224337,0.02842566990139869,0.07283641870617136,0.03789329444659434,0.0238791586632305
JNJ,0.018681121003418236,0.01659304250537826,0.01109388299727184,0.015183718219831655,0.011710723003820115,0.009958051511632532,0.00898361015554903,0.013342715183504893,0.01917845446516483,0.02057782097614626,0.015566575289937223,0.012833460640446949,0.01382432060106598,0.018430064925420316,0.014660873050569376,0.019132033512738136,0.013374978494608563,0.010481696028837558,0.013705992236142819,0.016882370856525577,0.019503862762834476,0.020532269397259467,0.019727026585221803,0.018820610688564138,0.020989814704302057,0.019667452260640022,0.019854466496742752,0.02248913636232493,0.018410117583878772,0.020815702183333867,0.037904452817484044,0.025007225458856898,0.02361925624490571,0.02327145465235583,0.025508416296554537,0.02093116311468181,0.020231573461551095,0.025625943077836454,0.02245630599642807,0.021313295930658824,0.019514284964686757,0.022488640160761714,0.02086680672051906,0.01620526724091827,0.015426732281061731,0.01922537491179674,0.017209770471486294,0.01724540778496176,0.017345879155385616,0.019820021321346838,0.018584849713752565,0.018711478420973433,0.020680941424989125,0.016625549580494673,0.020188923702725643,0.018514723597230158,0.020040117806304793,0.017586579106539525,0.01915864984034241,0.020987239745156493,0.016666468481488977,0.01967856977894763,0.018392294933641074,0.017979609680036486,0.0153507806018293,0.017385643723120892,0.018683933223513114,0.019468471752609566,0.01534259551951204,0.017372437617753277,0.015455417534573392,0.010808971320679615,0.01883504953952378,0.016236970840865065,0.018616441161436997,0.015634026331771297,0.01740639686913456,0.012481578162744087,0.02076429503663311,0.020789102417685244,0.02265637605411435,0.019768809171663466,0.022320360036543415,0.023181442150191897,0.02192253166100639,0.016609794358032694,0.018170068024759786,0.01815477112863862
PFE,0.02295300178515413,0.021098946473115512,0.02018017809178058,0.019307398804146707,0.018517862018503934,0.0163277563181125,0.015658597698700587,0.022964772114259152,0.028875262005571938,0.025290281275322027,0.02199798938645592,0.018332712644508576,0.021465846269370877,0.023897376082511516,0.023405486560295917,0.024245953026266434,0.02281630312078955,0.018215152613831737,0.022570946955456566,0.02650648028975504,0.024111212993317727,0.025783718691863935,0.02501499849147521,0.023312610353405608,0.026326677303574218,0.02662670479945987,0.025810629471509115,0.026976037547477287,0.02103407238240792,0.02684847118624514,0.025007225458856898,0.06438696374971487,0.028360677238682686,0.03038276964216087,0.031044878222051934,0.030494365744865057,0.030866666294617644,0.025212419863926788,0.02996020819234719,0.02337956371160216,0.0191874734195441,0.02152085400948492,0.018610479969483614,0.015354438016347843,0.013855203290903185,0.022145453669065635,0.015481239580558196,0.022106344524785715,0.02240192727945582,0.021105524812543314,0.02393283619831548,0.02179248730603316,0.027786096957094657,0.020758282968575927,0.023544926175197163,0.019043737015065326,0.02168168544498371,0.023229476850023262,0.020484420382910346,0.02526942889570153,0.019459363045482583,0.022383634823588145,0.023739240643917504,0.023855261744545147,0.020108245387911724,0.02438017270655016,0.026473426728293954,0.026296271741237116,0.0173693862584754,0.025627539580840217,0.020325268313136767,0.014530196146872414,0.020791224599292925,0.01804225480386463,0.02014567881242498,0.01674736959796061,0.022203252310149132,0.014196393142568426,0.021061954269869784,0.0196657629537804,0.02114634341922547,0.01882695712168557,0.02691845981975,0.024855231901592414,0.02397356793004845,0.023689503272347007,0.019252130221890817,0.019925977968619224
MRK,0.020434173838280303,0.017465238784133925,0.015350187709762972,0.01602576280968944,0.01648220523222111,0.011761894046668638,0.014186634176939382,0.015051575645376484,0.020310035698184847,0.019531628921553263,0.01659492657921967,0.016065667575506152,0.013919116115307396,0.01840858008002539,0.016547911404052998,0.021613283577236284,0.015597337678975554,0.01587593352093089,0.017877815249181937,0.021350439076631735,0.020391153038844232,0.021166938654141317,0.020046145235877687,0.019522180704508518,0.02085943085435689,0.02153713041198615,0.020723179427013298,0.02211943937116616,0.018601403923516047,0.02226431369632936,0.02361925624490571,0.028360677238682686,0.055482560998943956,0.028182937790507897,0.03310588993038759,0.028277999795424367,0.025571890018339212,0.024572121871120352,0.027318497077681074,0.021100974407063666,0.0188281838213138,0.021244412727590093,0.020190060072346173,0.014131207710042512,0.013597728647766276,0.019036964862136685,0.018876014213095683,0.02007041509373174,0.02149978439077137,0.020116979541177374,0.019867076600403013,0.020542008068553726,0.020218096688343533,0.020226009463743047,0.02108157599973997,0.017599528240964626,0.021359959419253914,0.017979158002407267,0.01959991998712096,0.018509738171836043,0.018260295008806424,0.022038996594693966,0.022953536923821617,0.023137596501695668,0.01742670202743813,0.02096982014226071,0.021944179723315062,0.022535587890342094,0.01815666540405254,0.021733576640631785,0.014958142056790944,0.01183089940192001,0.01777206886674941,0.016365267526041588,0.017987829432053522,0.016062748632954715,0.017026888285729392,0.013518025474830078,0.01959429869871864,0.01821939579566229,0.019692799910115685,0.01718631968209232,0.023393035438583284,0.02195696865272289,0.021761961472866125,0.018684160485770714,0.019959964204958137,0.019293888402270764
ABBV,0.02305821252055297,0.022854736238333707,0.026000394129258426,0.022337827636367,0.019312586101127276,0.01591941724545473,0.019879015608501298,0.025497789195894363,0.03202984460148642,0.025716615226914177,0.025073323199477172,0.021781349669652568,0.019557428333468345,0.022438236075463334,0.023446484579284225,0.02626339390684442,0.02493814041528488,0.022315207665928115,0.02883371916583189,0.03101427387666507,0.025251857389001205,0.026920753203661836,0.026034776725107612,0.024656315733438027,0.02677604263580563,0.029491066502161187,0.027112931770351855,0.026747164518075732,0.02257503397901641,0.02651049564011582,0.02327145465235583,0.03038276964216087,0.028182937790507897,0.07157870432588273,0.0319114361572364,0.026856258680289985,0.027436995524375132,0.02703091265443201,0.029092472903827517,0.0274008186937554,0.01925175784019512,0.021261621793026313,0.018795888132043997,0.016028067265908205,0.015169117369014336,0.0241267938005419,0.01850315468753241,0.02121164092486319,0.02171724897765147,0.025840415896835528,0.024916847115041253,0.024377343442406687,0.02714619783973701,0.024023695866977758,0.022935103339922675,0.018573442845899867,0.02575746135853433,0.02282882706379028,0.02283021903166318,0.02413366557723609,0.022500351844880036,0.02645438222184021,0.030012351375715333,0.02940249014761421,0.025365380928816916,0.02906568246569121,0.03215017721122345,0.03192859482728173,0.024113913669274557,0.03258136310408951,0.019477567168558776,0.017092651311042463,0.0230927655238834,0.016473656473223998,0.020120995404135835,0.020206646063554864,0.0222557433222943,0.01853763735317459,0.019179743500883924,0.017602899627545906,0.01802619983512293,0.01563769372472859,0.024416379910014725,0.02168803895584483,0.021660857023583724,0.027020537686238397,0.021714988147208018,0.018594758004836967
LLY,0.027181486077145343,0.027279885368213373,0.03550738485916639,0.025877236000989203,0.02791432926790192,0.02302951741899943,0.020308359258474233,0.032586297402110755,0.02879859464016834,0.024880369045648845,0.02985303752933674,0.026662031923888597,0.02872478560897674,0.022191377700360407,0.028304271276333698,0.02648975154361887,0.031018528821838063,0.02747899163343805,0.02810327072603197,0.034121117509230976,0.021778479069064847,0.02171646298247023,0.02271105982975133,0.023069142957066496,0.02458108502606651,0.023356297450836876,0.023580409638761086,0.026253992635348743,0.020508190225669264,0.019863240610896563,0.025508416296554537,0.031044878222051934,0.03310588993038759,0.0319114361572364,0.10154236955940983,0.028783791687739597,0.028627600417834683,0.026667725569428785,0.029806195727120052,0.023168462124250604,0.017455119241130235,0.0212929028839168,0.021267549600181807,0.023018455424022168,0.019435914065622624,0.025425052908108352,0.015040498234688615,0.02251422682504325,0.022569981774020104,0.02465694489858117,0.023338822905156733,0.019093975992845607,0.0240976568397881,0.026538810999188134,0.022907029932695125,0.019315115011609395,0.020307408425598018,0.020626614267726686,0.019561679917907235,0.02051099276069444,0.017292091566744192,0.018762137050018054,0.0214823217537836,0.019771495331540313,0.01871131331419155,0.020368468715097093,0.021282550673264625,0.02406552192822663,0.01679912784756774,0.019545479101517674,0.020381592841357307,0.02458447330294839,0.021754047295494967,0.015232132401140295,0.01679767119407878,0.019328668503562556,0.022075083648557335,0.018150642842551284,0.022073996541917208,0.018986654791755226,0.021424819769207473,0.018210866496331624,0.02732807590827824,0.02336360874708715,0.022963640510093475,0.018937905593583014,0.016924992997635658,0.026066934478270458
TMO,0.039624591879848466,0.03850060245198041,0.057067359282104144,0.036891916037761256,0.03911637254326701,0.03846520718737767,0.04816375175607506,0.05548879806935225,0.043177465224518374,0.03207372509011121,0.04542854041037112,0.04327227917497259,0.032131863658102236,0.026863168338992646,0.04205266347548719,0.037919269126853464,0.052269686885661124,0.03939188841276953,0.04887168820655267,0.051085004834444565,0.027608192682750415,0.031118737552413046,0.02785293940724057,0.031926127177641435,0.03689578338481329,0.034320685731511605,0.03462158309038637,0.04117492241928317,0.028951127656389842,0.030880366037714428,0.02093116311468181,0.030494365744865057,0.028277999795424367,0.026856258680289985,0.028783791687739597,0.07585672879337055,0.05939708130924101,0.03860810279097806,0.025784535324850272,0.020736497808486375,0.016837474145381594,0.02084417329146985,0.020183361246803828,0.023800621949821146,0.016360877100660975,0.03270331300806884,0.020444026816599115,0.03224342191263954,0.03767715372800012,0.034928260093297345,0.0313562102049359,0.028381163976583548,0.03088692842830573,0.02746190678730418,0.02906620478938295,0.01811130273947882,0.024271118830165528,0.03138731880648428,0.027971004003278784,0.030750667293914583,0.016547790219231535,0.02277627599595806,0.024251530260337148,0.02382553093681355,0.018894213029916188,0.021767849468431504,0.025862536473576815,0.025726303463343734,0.019156149780302965,0.021089564532076367,0.02846023802010471,0.031576949443572956,0.021571499121415372,0.013204735650025163,0.014987797427923761,0.0180175469696015,0.02761086975652978,0.02235440452736331,0.024780470214235448,0.01617615454289807,0.019494103278135187,0.016244882387242213,0.03901492564485705,0.029738582859760186,0.028646164938058816,0.018625399843904978,0.02005257869893178,0.03428047201320905
DHR,0.039152946839054445,0.038493262530272646,0.05501502468657116,0.03597721771771896,0.03930552530371192,0.036409641976877904,0.047525603979019046,0.053385641691268845,0.04291654843880497,0.03136384016109524,0.044675206956371206,0.0422730058336734,0.03166686955876988,0.023571865769096027,0.04353915797619711,0.03941149373546909,0.05181695366547788,0.04097433961166412,0.048865074289947893,0.05149373989256847,0.02888223761456809,0.03246941975906435,0.0300227724997908,0.03474557126102997,0.038149540494097536,0.03576639401591603,0.03603035772215406,0.041824927098215316,0.031124257552776473,0.03314129233601619,0.020231573461551095,0.030866666294617644,0.025571890018339212,0.027436995524375132,0.028627600417834683,0.05939708130924101,0.07353048084287762,0.03712550962915852,0.02462568226978598,0.022979017114747015,0.017908227034615677,0.02213765926223427,0.02036494661469251,0.02430670128402486,0.01629560221379615,0.03487567229176939,0.021198929683566837,0.033233783865312914,0.03719178907576407,0.03770529496883998,0.03103756018211025,0.030504828432432164,0.03580665295401039,0.03031938924926315,0.029862398777042463,0.018867071810668982,0.02500264515942567,0.031747147709529966,0.03012702746009166,0.030246442309879905,0.018021565256793087,0.02399426947380277,0.02521738737523897,0.024875011507914,0.01999045635643563,0.023024792006382615,0.02809362370247333,0.026748169498792173,0.021294525165350575,0.023926376606122957,0.02919213848140088,0.03391594347654933,0.02474292641765791,0.015101009993730416,0.01579383809377157,0.019092424625109985,0.029185008492864328,0.022989350612241652,0.027556884064595704,0.01823953458628541,0.020347675943441,0.01813701554148793,0.03981362288294532,0.030520641843567935,0.029291025946209064,0.026058532007877146,0.02366412726519669,0.0339607244370748
ABT,0.032753199155991244,0.032769544614190696,0.04065967964433692,0.028769618386940133,0.02925356374505503,0.027317394785186713,0.030321922134333726,0.037982486394574605,0.03322326952740114,0.02956346959487281,0.03644206352170277,0.03383724524452228,0.022576825065797456,0.02474395161539806,0.0317098551596602,0.03196153643511765,0.038174298369853414,0.027855600046972587,0.033836509407631624,0.03670958511303592,0.02687689260670627,0.02965049987749509,0.02636690936419574,0.028270657496793316,0.03264316243308775,0.02933493988120768,0.030420552110527663,0.03574028596829944,0.028231628791745223,0.027019656627729035,0.025625943077836454,0.025212419863926788,0.024572121871120352,0.02703091265443201,0.026667725569428785,0.03860810279097806,0.03712550962915852,0.06088089315469996,0.02241029132553469,0.023348678191960466,0.02127723235960733,0.023466503145242557,0.023241640635492746,0.02337839920259364,0.017721744505650422,0.029641456291255707,0.022042900962603623,0.02888598201840708,0.030594225579633715,0.031656566347342686,0.02492005981804413,0.027132032555991035,0.031437446421601394,0.027429293025978723,0.027895282724504256,0.020798630871655604,0.024149077162202652,0.026735649029323145,0.02638069905601133,0.02560522720347228,0.01694368325712105,0.02195435721103422,0.020309877368111597,0.019262707045440152,0.01627012164821027,0.018705122085307037,0.022934759457679053,0.021915820497557494,0.019434310530357022,0.01946224731167554,0.024485198225365514,0.02632696595476945,0.02433056215224574,0.017935704805566607,0.021633889907717595,0.023921792809283027,0.027549885419554613,0.021062355295478025,0.026830009636101236,0.02326226160862702,0.02475286977644208,0.021099396310271017,0.03572995940580262,0.03113965067721281,0.029752433956934315,0.020599279468889085,0.022974293255863046,0.030952842485528115
BMY,0.020362552622291738,0.016099618333510916,0.015015613364807917,0.01779490007973307,0.01501699467460331,0.012279581101674094,0.016268517710736577,0.01785577360183374,0.02280799197079619,0.021970804561457755,0.017359932566498704,0.018221253258861075,0.013801572422474056,0.02027515459763096,0.018558758955167162,0.0230721302953888,0.017049175767591032,0.014739299960793288,0.019335465774543547,0.023142852021998707,0.02110356501739948,0.023102064245736232,0.023615188801362725,0.02131990556761381,0.025016740725991762,0.0249472542176651,0.02365978587543433,0.023184295808228315,0.019031070555743032,0.02371620464434811,0.02245630599642807,0.02996020819234719,0.027318497077681074,0.029092472903827517,0.029806195727120052,0.025784535324850272,0.02462568226978598,0.02241029132553469,0.06226447529026043,0.022746881449925198,0.016663230032813604,0.02007734510175645,0.017333825184869447,0.011735155255390527,0.012787270974475334,0.02086665955070667,0.01662009687447732,0.020123223592807753,0.02139066564833708,0.02216801160599684,0.022436163417101338,0.022830895728358606,0.022816488936601338,0.020453113856351207,0.02290566559728417,0.018482449418325483,0.02338293078743099,0.01986352752659522,0.020860823689100822,0.022561604987227365,0.018407175710819648,0.022566458443200384,0.024477356372914424,0.023607965437679075,0.020948408222084956,0.022558214286835795,0.025433317814723456,0.02326623474590084,0.021078511327255554,0.023088705235750583,0.018836821428507476,0.013383735141771304,0.02056799900630854,0.014179037252587826,0.017812165415981428,0.01537192530459905,0.021224830637468082,0.013431846275049189,0.018046749376639568,0.01679078331786519,0.017798715280792805,0.015372663205549515,0.022265368548869017,0.01748934701165224,0.017895312283799043,0.022892344409664516,0.01999536224430459,0.016495369444177246
CVS,0.023351664935716904,0.021859266052705422,0.024644473679500404,0.01887126173599347,0.017046954260414898,0.015705296584008814,0.02438827532477936,0.031673960288709606,0.03233247452895074,0.02654011343463714,0.019208599030254753,0.018102060441308167,0.023884395013421243,0.0257004494503026,0.025004343972611313,0.029007617544727877,0.0158387414868394,0.022501672644772798,0.03154533624045838,0.029598093501584165,0.03455476210666256,0.038099422190238624,0.03852782432038593,0.034281228653188806,0.03592125040325688,0.039117342878136126,0.03528818091287423,0.030236898174322926,0.0326000565551079,0.037776098040309694,0.021313295930658824,0.02337956371160216,0.021100974407063666,0.0274008186937554,0.023168462124250604,0.020736497808486375,0.022979017114747015,0.023348678191960466,0.022746881449925198,0.09162967156115759,0.02038339633529312,0.022165408176343167,0.018894851183461098,0.019953901110890956,0.020694327597954892,0.026988839990463878,0.019457003338810244,0.02972596556300439,0.02064311501628259,0.0274250108617419,0.0300941318136699,0.02857063502568145,0.03502557655173491,0.03315481246893678,0.026158205806520927,0.022693945256529194,0.029523203875162326,0.027507386750909364,0.02706401207142499,0.02772530423556221,0.027156106031096323,0.029037921790397714,0.03201779063761493,0.03694925176434798,0.031242756176191346,0.03114481899545577,0.03767251410145034,0.035858426093653945,0.026073683181269937,0.037100919646670394,0.02361896790424158,0.016829080585402507,0.027493597017874523,0.02118096617899219,0.027011124826080354,0.024510244910886672,0.02350107475060195,0.015821441372009432,0.019007761343784818,0.020068550489291855,0.02175026734940495,0.01861928585060347,0.02593837307188799,0.019043763831273753,0.019940969412180768,0.03221651260877798,0.022564605988996723,0.018088464474430844
KO,0.020566620688881532,0.01817522333644635,0.013907237157430028,0.016640502915791503,0.013108152155654746,0.01071767692965182,0.014646364495498625,0.014648374577448664,0.020882036861169146,0.019961171610794654,0.018558868951526263,0.015753512694871966,0.013832076991471536,0.021484824072070165,0.017162435742017722,0.019334788810176952,0.01483822305878702,0.01486933703457489,0.015198898584364007,0.02031477111007179,0.023852852312354143,0.024942061248877347,0.0252539776466006,0.0209541737052179,0.023590830050133373,0.025788383504489403,0.027873760567386975,0.02441804452507212,0.021562190527768633,0.025860695109098088,0.019514284964686757,0.0191874734195441,0.0188281838213138,0.01925175784019512,0.017455119241130235,0.016837474145381594,0.017908227034615677,0.02127723235960733,0.016663230032813604,0.02038339633529312,0.037114598987661555,0.028698775112182898,0.024198808745776037,0.017668352558333343,0.015914554176142747,0.022245347530491278,0.02207248532431187,0.023640424737767108,0.022365208939084905,0.022542699101831293,0.019329281154356035,0.02193217267050575,0.031121159101146365,0.02435477911635689,0.024867108452971916,0.021541591007671685,0.026828769600149564,0.01802276410937274,0.02222011340265308,0.022389883855054186,0.02142705923264166,0.022794841051266654,0.022038806081756616,0.024145751058896964,0.02047524974212915,0.023027524920979207,0.02692132842072096,0.028503323235852824,0.020339682203379117,0.024688358948041604,0.021544792998020226,0.010211254100987345,0.02193464382607753,0.018399525776073886,0.022313179046053754,0.01966930683147538,0.017909089019962927,0.012218034486615903,0.02606703898078921,0.025289566326170097,0.026605703065065583,0.023878163417715786,0.026373608529627068,0.02637744524923498,0.025571596538129626,0.03155634745517916,0.025998486373430666,0.020277948177192962
PEP,0.025584183801626536,0.022301666712619447,0.01971431093758508,0.01844824421701643,0.017143830417936778,0.014541498209053816,0.018306181450543094,0.01972185458267755,0.02657922642358766,0.023323999346121733,0.023893341973327098,0.019651969910419103,0.01923059531885029,0.020959523324026886,0.02221131828609273,0.023996575263648318,0.018441925725824804,0.018215971719039607,0.018550118547616064,0.024917007604450828,0.020820850159764714,0.022296954515258156,0.021740203381486797,0.020433633420214103,0.02321051703442149,0.022262027509751512,0.023526652264629095,0.025864078780384353,0.018869013742178562,0.02171791382995724,0.022488640160761714,0.02152085400948492,0.021244412727590093,0.021261621793026313,0.0212929028839168,0.02084417329146985,0.02213765926223427,0.023466503145242557,0.02007734510175645,0.022165408176343167,0.028698775112182898,0.04353501753571163,0.028673073009251128,0.02148493056901989,0.020813364601745356,0.027132229169716516,0.023244701369759473,0.02638081569224727,0.02349761010476575,0.02727340735503544,0.017743460692206767,0.021179751383842874,0.023880341993486418,0.016895103153468864,0.022553528492640404,0.02067940883726282,0.02081847235059124,0.020671011003842017,0.02150714201798987,0.02136995038326442,0.018816464674955187,0.020256007291874514,0.019825083422533512,0.0186531620607889,0.015745597779554175,0.018034612176037457,0.01956296077375352,0.02041303098334821,0.015923547485474403,0.018209906148749337,0.020346697113861736,0.014479999324680007,0.024203727109252456,0.019328716119124092,0.020937293306708394,0.023135827831898582,0.022997981288550805,0.016580797456842968,0.029027212756483588,0.026884431552231264,0.02854183030404003,0.02566919736935473,0.029128743865935877,0.02897679571946978,0.027602554962411957,0.024533147350986755,0.025881428844563483,0.0248405487158365
PG,0.0216691914579678,0.019443134786123115,0.015923950876377033,0.01586407966136373,0.015484985561890307,0.012661496864536558,0.012329919532695762,0.015553691964209828,0.02099447476731623,0.020471139610170854,0.019288661995566697,0.014857466577224759,0.016211337773775404,0.01914299299506755,0.019237538697049902,0.020070636337020883,0.01473652255210586,0.012994468983132107,0.014415808598998684,0.02015005575460254,0.017548860152904515,0.019340570074784846,0.018686832852554736,0.016693675083277897,0.01870376483649798,0.018360954675649774,0.019762074752560126,0.022341986351117827,0.016690073511427858,0.018903518420347407,0.02086680672051906,0.018610479969483614,0.020190060072346173,0.018795888132043997,0.021267549600181807,0.020183361246803828,0.02036494661469251,0.023241640635492746,0.017333825184869447,0.018894851183461098,0.024198808745776037,0.028673073009251128,0.0400809246337094,0.020538410936177802,0.020613292312668532,0.023017295441360316,0.0194855768260864,0.02085939483045574,0.02169636216878759,0.022743414153187223,0.014434312264641702,0.018672281679414416,0.01900215679440971,0.016577479045349803,0.020063675557101715,0.017696589684769535,0.017475820058103744,0.020971617838312008,0.01959221517757005,0.019829936401779855,0.012901285691239137,0.013671802606160216,0.013269700001334414,0.01277466688477282,0.010882493026459154,0.012314634426588075,0.013465846256299973,0.01541241577938521,0.01313363344550867,0.010036182129747419,0.017124105138597363,0.012281960991673323,0.02042018359163497,0.019017339212977383,0.02026418532616944,0.018839803602704316,0.018860757982891798,0.012476557855276427,0.02625281144946233,0.024004967731075636,0.025796789600398388,0.02354647531357927,0.02533396869210879,0.026284839401905763,0.02525256762069158,0.016211346938134658,0.019701724564259573,0.023670184410364517
COST,0.034311415695342885,0.03323036933192039,0.04649509517599423,0.02900070103726806,0.034009923518380496,0.03491464357253997,0.0424761610708683,0.04435510596190327,0.03283799404414608,0.02677150327180957,0.03856319724693792,0.03248565862749878,0.02489894097310478,0.020489619429340418,0.03599533786887562,0.03345640670515737,0.03706282603735674,0.03449282443110298,0.035718292442499334,0.04170368284708881,0.020447803367463546,0.021709401330341927,0.021193264755027003,0.024392978096231668,0.0255905559581018,0.022180009893072398,0.024506429543503704,0.030052836717441904,0.023730658587138725,0.019503589508095442,0.01620526724091827,0.015354438016347843,0.014131207710042512,0.016028067265908205,0.023018455424022168,0.023800621949821146,0.02430670128402486,0.02337839920259364,0.011735155255390527,0.019953901110890956,0.017668352558333343,0.02148493056901989,0.020538410936177802,0.05121610729425908,0.030056914394585608,0.031060745406016926,0.01803721016798885,0.02559841539317192,0.026906543633926278,0.029392336079273232,0.020782943383841075,0.02207596414078086,0.026784309106003094,0.021017485405659942,0.021690910908683067,0.01686022142956687,0.018673730847943777,0.023899545639754438,0.02071742327092989,0.021707795592681614,0.013138559459224023,0.015119553669581223,0.014141032468963357,0.014800716466008952,0.012688852875550945,0.01365503516401321,0.01742534997988348,0.016203409522774073,0.014644426204555534,0.015315196641248021,0.020588737741348177,0.03487824176231072,0.021581389217567474,0.012243465975669363,0.014674733476493618,0.022482353392015413,0.023226030843683902,0.018594983478186444,0.02019810250861846,0.01597302061260758,0.016744592008479393,0.01598500855315799,0.027637322942821087,0.022223133547785174,0.021247859304958164,0.020304314811674076,0.016701252973333976,0.026706832510292176
WMT,0.023142648820676303,0.021103290915629257,0.02476521354278772,0.018114890901354968,0.019283775052941092,0.021185577323079647,0.023848802455085232,0.023910465786489237,0.022842189762805942,0.021312837189176065,0.021078986218169588,0.017671472505471412,0.018439283842876818,0.016262962041188708,0.019530992097534706,0.021875353994652853,0.018551213958753653,0.018229245946328656,0.01917622103128157,0.023541250148791198,0.017009387162676182,0.019127684918118545,0.018632290784139336,0.018853391404179968,0.020628806804256748,0.017572466502570678,0.017862842061194817,0.021816009390079723,0.019408957091918033,0.01653445930989389,0.015426732281061731,0.013855203290903185,0.013597728647766276,0.015169117369014336,0.019435914065622624,0.016360877100660975,0.01629560221379615,0.017721744505650422,0.012787270974475334,0.020694327597954892,0.015914554176142747,0.020813364601745356,0.020613292312668532,0.030056914394585608,0.05010698115273029,0.024144277235959823,0.01535893074727155,0.019049219724858915,0.019539704831761266,0.02242408695904365,0.017971200417720132,0.02005350401964064,0.019668869624494066,0.01585909954889541,0.016153515979213,0.015432501080911045,0.014483020019823562,0.019648678076779343,0.015908430527583676,0.017982970974063588,0.01236391784225457,0.013064719869418585,0.013857222082202834,0.012927780320103555,0.012761456339313896,0.01371239942557787,0.0153195101447872,0.011619517219751756,0.01217330588514351,0.01320783830466753,0.016833153713923767,0.02067191453429299,0.017818217944272255,0.013688552876915805,0.015541250757982631,0.01702131018715052,0.017646757404347607,0.013443855491040654,0.018764074157818663,0.0164834057562903,0.017706012840665135,0.01569788094929127,0.02204502877040719,0.018398686762381107,0.017474927569799233,0.014475389842291983,0.011358490543784757,0.021375395372802166
HD,0.04158285130620955,0.03902283257727349,0.056807443415358684,0.03611784536156465,0.0435219724159218,0.03853448248900187,0.05170292029748823,0.05401308251223443,0.04437098322351369,0.034296756989295005,0.04556031836954489,0.04168789367698612,0.031620122808606516,0.030397871872637258,0.048191519891531746,0.04401411249978695,0.04499410961261336,0.046100293169893114,0.05093314583177618,0.056214628966630965,0.0370375321624936,0.04100962690529888,0.040309416951471375,0.04302471926994092,0.04533022985056815,0.04540273657068026,0.044653739313328514,0.04767673716634971,0.034558334959218354,0.03978922307607885,0.01922537491179674,0.022145453669065635,0.019036964862136685,0.0241267938005419,0.025425052908108352,0.03270331300806884,0.03487567229176939,0.029641456291255707,0.02086665955070667,0.026988839990463878,0.022245347530491278,0.027132229169716516,0.023017295441360316,0.031060745406016926,0.024144277235959823,0.06926189670169576,0.028932534395388988,0.04002127208789246,0.044690300566171556,0.06699277629478605,0.03760187091764389,0.04072513744728145,0.04983570559442975,0.03685728005258765,0.03542492695349698,0.022001114415348036,0.03226362634648791,0.036931758701810646,0.03812452945842121,0.03628867940620613,0.024912404136483542,0.03210310758388245,0.032167781972854075,0.03592435384723603,0.029174097150722667,0.03010532507493664,0.03724569028042275,0.03556899949313282,0.028755861210568234,0.030775204859516975,0.037729396836011286,0.03385659958325821,0.032985743169292626,0.017146691306697555,0.022432104443522706,0.02717426744263438,0.03648855627117459,0.02341689184704734,0.03009313798715153,0.02311644517823621,0.024460387467161986,0.02097461748175807,0.044171243925889246,0.032777984988889744,0.03147527075862553,0.04889724743929935,0.03508912158229755,0.03466379519879953
MCD,0.025989893301985825,0.023829022738390323,0.026550224107926852,0.021950366452446614,0.023526414584710453,0.016572579705117652,0.03077390713394918,0.02523799157835586,0.022248319151315338,0.023187049619523007,0.025049690838082863,0.02465900172507611,0.018260854479527633,0.02226451021424323,0.025724162301073886,0.02459195047126886,0.022004937764731964,0.027034747859286154,0.02361719582953961,0.02749879022253493,0.02726643370220214,0.028618196377938467,0.02849001055831239,0.02676451480529651,0.029839293064269936,0.03239924510840554,0.03336889807480113,0.0298678061265611,0.0238879757942638,0.028127819623081196,0.017209770471486294,0.015481239580558196,0.018876014213095683,0.01850315468753241,0.015040498234688615,0.020444026816599115,0.021198929683566837,0.022042900962603623,0.01662009687447732,0.019457003338810244,0.02207248532431187,0.023244701369759473,0.0194855768260864,0.01803721016798885,0.01535893074727155,0.028932534395388988,0.04603218030517205,0.03354069968981654,0.028384864531967723,0.032079498420397964,0.021312013170756,0.025599237080061975,0.03753534951132354,0.027577790383569646,0.027766727063345424,0.019184955104024445,0.029117400046871356,0.018946067058875957,0.0261692925555983,0.022966172756134422,0.021404773795156835,0.027000599133705287,0.028633437796579096,0.02801920935255544,0.02392129179633326,0.025523404577355524,0.02754306668014226,0.02623891854490646,0.026327686801466493,0.025222137811694835,0.025896367052131726,0.017326344761321243,0.02224892522480403,0.01473143494376309,0.019606427972740648,0.021668879889501523,0.023231088745629416,0.013147124900881652,0.02446077598476576,0.021595722797752105,0.022779119083723112,0.017913566904908237,0.027111804860742213,0.026436674359918984,0.025023823256620822,0.03652383858682066,0.031259484242262915,0.022695193318921173
SBUX,0.04435553548045704,0.04032320154383884,0.05905720267572504,0.039420395985665206,0.04727318885477368,0.03991319025476751,0.05849745765467611,0.06113171834076963,0.045479027912930396,0.03819094972346098,0.0455516953930512,0.04285633780531316,0.035605811378931686,0.03150780998584713,0.05140169434956289,0.0463580525928469,0.04537494915311664,0.05228704071249758,0.060830305518140323,0.0611726546798474,0.0435669616855624,0.047928294365785995,0.04603212817537781,0.04762309149352985,0.05088142128466251,0.05338425681308895,0.05556127774596496,0.04872616136613616,0.03917734464288122,0.0464187342116942,0.01724540778496176,0.022106344524785715,0.02007041509373174,0.02121164092486319,0.02251422682504325,0.03224342191263954,0.033233783865312914,0.02888598201840708,0.020123223592807753,0.02972596556300439,0.023640424737767108,0.02638081569224727,0.02085939483045574,0.02559841539317192,0.019049219724858915,0.04002127208789246,0.03354069968981654,0.09844538931611259,0.05325074547720365,0.043019498773455865,0.03846508496226183,0.038454242210980934,0.06097086988842675,0.0429894645406398,0.03854336237624583,0.01894774123154878,0.03722718583197204,0.03481942090439282,0.03676231958136731,0.03474142207116585,0.03051123175239731,0.036397961064134746,0.04271225482869878,0.045402900652053796,0.03637033171238864,0.042144716752209384,0.04473910324523117,0.04850022690274204,0.0325977037670472,0.04337086319013712,0.04684283408717969,0.036418423807220816,0.035119390833129725,0.015123644036827654,0.021624063195824637,0.030071668998197968,0.03436726997608809,0.020152420788513824,0.028623839254259428,0.020506360098211947,0.02229254806444388,0.01821710012070953,0.04131733020314674,0.029241363948617205,0.02826299743565317,0.05605366091119909,0.03532853597987425,0.034970066396877594
NKE,0.04793477642295408,0.04176946444745186,0.06267010114514694,0.041821978966096095,0.04920292962192656,0.0461759266862529,0.06032186292495238,0.061778319111528035,0.047084675490736305,0.03763907872301671,0.04838717201852011,0.04715697517139035,0.03384086815714103,0.03178376727789623,0.05435480492529049,0.04779586993620313,0.05089486137436984,0.04961968183365764,0.05973297491361394,0.06131986948446619,0.04057746671156951,0.044882205803974756,0.04371893640192728,0.045572154017083796,0.05123240069748927,0.05053441616902414,0.05346135533625792,0.052376977514653464,0.042716839073025314,0.045625815049053414,0.017345879155385616,0.02240192727945582,0.02149978439077137,0.02171724897765147,0.022569981774020104,0.03767715372800012,0.03719178907576407,0.030594225579633715,0.02139066564833708,0.02064311501628259,0.022365208939084905,0.02349761010476575,0.02169636216878759,0.026906543633926278,0.019539704831761266,0.044690300566171556,0.028384864531967723,0.05325074547720365,0.11536160174720754,0.0498723682089089,0.042539941597457415,0.0431491916615494,0.05964213713160588,0.043522056182546925,0.04197320644597552,0.020237383799990037,0.03678766721754742,0.04031655249817897,0.040655047071260025,0.03907921299085299,0.03230120986295773,0.0360944638610216,0.041076596313393554,0.04426200603965599,0.036717644626665095,0.042437570321948385,0.04812888516782327,0.044525693018736295,0.03084153386746948,0.0421824166613351,0.048000747672595816,0.041751009292640494,0.03312005171599166,0.014852192160002175,0.020425405094541688,0.024385211763853963,0.03420188194466994,0.022017152049189304,0.029396730457431748,0.01821822307923435,0.022588549055986538,0.01779032677364232,0.04220412220588471,0.028212943199449406,0.025714138596004223,0.05037853508574214,0.03190649572499127,0.032161941434724645
LOW,0.04432078191213932,0.041143828281491386,0.060776450014288705,0.03884239767084511,0.04689541326169353,0.039612188159493765,0.057659809568369746,0.05697852709072666,0.0473334603761817,0.03610265758518474,0.048447385978299604,0.04510014239596593,0.03270683751116503,0.032244779144643534,0.05252561357616312,0.046037420593688046,0.04853207255304421,0.05157752062911637,0.05574138007306684,0.06009203062570896,0.03984455283248878,0.04498973671890319,0.04312965674781973,0.04741857949216402,0.04940043980061666,0.05098336882214941,0.04893714900699075,0.0525700198623713,0.038917254554178,0.043818131409444315,0.019820021321346838,0.021105524812543314,0.020116979541177374,0.025840415896835528,0.02465694489858117,0.034928260093297345,0.03770529496883998,0.031656566347342686,0.02216801160599684,0.0274250108617419,0.022542699101831293,0.02727340735503544,0.022743414153187223,0.029392336079273232,0.02242408695904365,0.06699277629478605,0.032079498420397964,0.043019498773455865,0.0498723682089089,0.09260466498502454,0.04282485399719053,0.04612038155096981,0.05563066705952938,0.042347915589017494,0.03921851746533457,0.023541620349213116,0.03596214831905504,0.03860569997678827,0.04331372995578292,0.039645567596611184,0.029544747673174138,0.036917616127066406,0.038101978822645564,0.04422796289622348,0.03553302180105624,0.036777046999376055,0.046825032198415585,0.04377971995707881,0.034856148030670796,0.03839274408577656,0.039550508338466496,0.03487760842398096,0.03417308874041598,0.017669170611617657,0.023168328602774572,0.029264873398041957,0.03945415198268005,0.024889002084358333,0.031108943254432156,0.022952975589100765,0.023616813647503385,0.020031016993074857,0.04629338596275122,0.03379142520377246,0.03232652918362125,0.055832359046244145,0.03880455756768155,0.035023019180531835
CAT,0.038956425377845834,0.0337834830373353,0.062477086915693134,0.04012694125288512,0.037407722197828425,0.03623698266392491,0.05087335399311273,0.06302895268019026,0.05630156712427082,0.04114018040501461,0.032213675197745636,0.035702416832355297,0.041208874747196755,0.03797658390893764,0.05442405529911788,0.05261637317432646,0.03654665696436566,0.056886967849174845,0.07395876094661473,0.07130619205870968,0.05636319356901178,0.06243155560508501,0.059824173169811985,0.06284283678451875,0.06635120960850804,0.06763840708456408,0.06213821832517794,0.055054383701423494,0.05830877504273226,0.05960422022380651,0.018584849713752565,0.02393283619831548,0.019867076600403013,0.024916847115041253,0.023338822905156733,0.0313562102049359,0.03103756018211025,0.02492005981804413,0.022436163417101338,0.0300941318136699,0.019329281154356035,0.017743460692206767,0.014434312264641702,0.020782943383841075,0.017971200417720132,0.03760187091764389,0.021312013170756,0.03846508496226183,0.042539941597457415,0.04282485399719053,0.10385276195617157,0.07066920827451914,0.06644008186177153,0.06373103515120665,0.04817155477957282,0.027969633979203476,0.04726542038785013,0.04165780896857306,0.04788932583721077,0.05070439784749047,0.05055914095795985,0.052846629155513525,0.0647947178397395,0.07961732151325085,0.0643971404690792,0.06426954259972621,0.06725393684279607,0.07547074385501781,0.04431058586340191,0.06793565328476968,0.0447799778660597,0.02925247338257923,0.03574396512788327,0.016394156315111347,0.025344198901035793,0.02091355638439645,0.029765143576866163,0.020072109530910213,0.020538566916195072,0.015941290725520026,0.018358965726963137,0.015206857290007767,0.036477073589514415,0.019125340118001613,0.0206052547403536,0.05334640081103573,0.024832507583861338,0.02348351345981368
DE,0.03796346892822797,0.03118884397000192,0.0522341965671031,0.032951786975735683,0.03172087475332376,0.030871836394008364,0.048917821952887526,0.05106694918778944,0.04498642499682424,0.03722591807819845,0.03274677566664684,0.033851901794638276,0.030434857353107685,0.03534800935845085,0.046650167886185326,0.046548586248617296,0.034592940351502774,0.046214544188155744,0.05705397224245356,0.05582347844211529,0.04964477250842198,0.054501519132484244,0.05315866926240785,0.05392085644621786,0.05787230427249819,0.05837844035826625,0.05703621044123414,0.04889624560565095,0.05043484844450118,0.05197640528039918,0.018711478420973433,0.02179248730603316,0.020542008068553726,0.024377343442406687,0.019093975992845607,0.028381163976583548,0.030504828432432164,0.027132032555991035,0.022830895728358606,0.02857063502568145,0.02193217267050575,0.021179751383842874,0.018672281679414416,0.02207596414078086,0.02005350401964064,0.04072513744728145,0.025599237080061975,0.038454242210980934,0.0431491916615494,0.04612038155096981,0.07066920827451914,0.10067737620022006,0.068285710966783,0.05417940858594144,0.04549580335505824,0.030125291834705588,0.04805021828574236,0.036099729163344675,0.0467081440849442,0.04262383559570275,0.04534177317146431,0.049070802694678596,0.05774454302169534,0.06691614542651292,0.05404445200330785,0.05382082299292385,0.060620658017840605,0.06795527728911498,0.040583991917902476,0.06014326233280072,0.04281170200766573,0.028291164405847776,0.03386376529127403,0.018090305914268766,0.026986776815989055,0.02524004911771546,0.029403744248432655,0.018865760961970766,0.025160172457353146,0.019901911097680317,0.0226943566947859,0.017416679285409388,0.03648898415411133,0.02250474954845977,0.022880634007339643,0.05356017384068422,0.03185940484152244,0.02306748908944118
BA,0.05535947817098642,0.048316340002966654,0.07815003615516157,0.05148782300277326,0.056672479943533534,0.048608430931993254,0.08870195745263024,0.07714371795513493,0.07171433668943393,0.04503505911162754,0.04987072871495926,0.05443121985374225,0.04422101014401487,0.045963437402812564,0.06523830969569532,0.05767687881324716,0.05647318852903105,0.0700655095662984,0.08673136813625161,0.08455041858461314,0.0707291123048532,0.07569142861317348,0.07966020935378411,0.07417688096473289,0.07809624186256459,0.09028128244187712,0.08905049079270451,0.06397149622906935,0.06888836981927121,0.07246158151439398,0.020680941424989125,0.027786096957094657,0.020218096688343533,0.02714619783973701,0.0240976568397881,0.03088692842830573,0.03580665295401039,0.031437446421601394,0.022816488936601338,0.03502557655173491,0.031121159101146365,0.023880341993486418,0.01900215679440971,0.026784309106003094,0.019668869624494066,0.04983570559442975,0.03753534951132354,0.06097086988842675,0.05964213713160588,0.05563066705952938,0.06644008186177153,0.068285710966783,0.1998094254012334,0.08991552623881492,0.06340765342532517,0.04120497454468741,0.07938144216203527,0.0401142921739914,0.053886100703440624,0.04696610326579043,0.058676825245453944,0.06582815199255211,0.07580462928928608,0.08685487927916179,0.0746270677789018,0.07751251591602759,0.09119505511879258,0.1009812277186733,0.0583103589145627,0.08465408820606461,0.06414830346465045,0.04814865129423413,0.043032514917920144,0.016478525104085772,0.03234344531813048,0.03175235197503135,0.041931127030010146,0.027587363444371862,0.0334486546628145,0.026143100383297865,0.027727487511548573,0.021749524708826278,0.050375563156068066,0.030703469488384667,0.030290536187123223,0.10149553410296284,0.05115584074665899,0.03255419351146967
GE,0.041433824720475285,0.03577758000830697,0.06684970912770209,0.03933167923870208,0.047118007266697515,0.036920707345756816,0.0602220398363964,0.06197002436084833,0.054021886794544303,0.03940489589895303,0.03533141178251949,0.038062752183911516,0.043718066380785105,0.04322080508514486,0.052013597916899273,0.04719856038785914,0.03872515005452476,0.058845104976013446,0.07621340749983041,0.06943610589932722,0.06181098705193766,0.06695122151890408,0.06784763262685858,0.06490612797356232,0.06989624031522154,0.07698292530186779,0.07030926090623632,0.05503953453456592,0.061375097852751456,0.062277256324868684,0.016625549580494673,0.020758282968575927,0.020226009463743047,0.024023695866977758,0.026538810999188134,0.02746190678730418,0.03031938924926315,0.027429293025978723,0.020453113856351207,0.03315481246893678,0.02435477911635689,0.016895103153468864,0.016577479045349803,0.021017485405659942,0.01585909954889541,0.03685728005258765,0.027577790383569646,0.0429894645406398,0.043522056182546925,0.042347915589017494,0.06373103515120665,0.05417940858594144,0.08991552623881492,0.150108739035821,0.05252913861137497,0.03139361878565397,0.05938541715881214,0.034520033823682704,0.04354083521884205,0.05016735516382269,0.04870417154706848,0.052281948287757334,0.06370555385385879,0.07479070643968952,0.06359090003861337,0.06217176096455853,0.07213826002308979,0.07963779467400024,0.0496341705711115,0.06615732362184415,0.0489787929517322,0.037512733673384625,0.032697798487582926,0.016901854246937603,0.030311534403920228,0.025812881759413167,0.030337080693013472,0.01814486881952208,0.02444238299767015,0.02131303621810554,0.024570831291716944,0.017490200625952853,0.039876476343067596,0.02095063195641804,0.022771290251900795,0.07121470923426308,0.03599683084438129,0.026066997335370996
HON,0.036184744523079064,0.0326393676383336,0.045174081123428377,0.03327241090527831,0.036993556988412224,0.02810172154303297,0.042734538141812876,0.04408870546175805,0.044896010952759205,0.035368618591071,0.03432636030320817,0.032438339036436725,0.031080348863964803,0.03421692994554406,0.042092896518343116,0.03975692708799213,0.03292197767844933,0.04158845894853879,0.04841130831118793,0.05175121796604179,0.046474235584567945,0.04999953012241668,0.04962088322090104,0.048024225056599694,0.05159710241298143,0.05478712755227902,0.05557879725181403,0.0462459363088462,0.04502487836222361,0.04943395240273674,0.020188923702725643,0.023544926175197163,0.02108157599973997,0.022935103339922675,0.022907029932695125,0.02906620478938295,0.029862398777042463,0.027895282724504256,0.02290566559728417,0.026158205806520927,0.024867108452971916,0.022553528492640404,0.020063675557101715,0.021690910908683067,0.016153515979213,0.03542492695349698,0.027766727063345424,0.03854336237624583,0.04197320644597552,0.03921851746533457,0.04817155477957282,0.04549580335505824,0.06340765342532517,0.05252913861137497,0.06211990119898919,0.02937984228253058,0.04669495982731956,0.031340663121123255,0.04151005126179245,0.04210622197390825,0.03680605008835919,0.04218473234620792,0.04872629178413103,0.05435865167180367,0.04467585258068297,0.048521040789405064,0.05394740353343513,0.05440377941399846,0.0373047854347065,0.052377825680238466,0.04208184706548361,0.025182149212285704,0.03230020891924019,0.016065866794603194,0.025886546247132856,0.023773870446619067,0.029384865128553105,0.016567204049900787,0.02685163447534523,0.02279416758023967,0.02393302268321954,0.0196261525411764,0.034878995347653076,0.02542514067137856,0.02527649411578952,0.05517235118592043,0.03462500169585157,0.02512144381811184
LMT,0.020193196561861377,0.01891703894249731,0.019361897094395616,0.016102787432503454,0.013728652317075877,0.012968954202516293,0.015775249374780292,0.020954981406288643,0.02304253993479033,0.023069345894932272,0.020140724088691674,0.019272918417780713,0.022584347193781544,0.025515624048277924,0.017011744128428753,0.020388463377866605,0.019066426672707956,0.018613975434266457,0.023080533174756505,0.025365602643566215,0.026025332756011255,0.027483997836177568,0.028365864871696407,0.024262618820573945,0.0270172802429905,0.028485893933053653,0.028723493905375753,0.026943484029733275,0.026926963451010217,0.02734401222811693,0.018514723597230158,0.019043737015065326,0.017599528240964626,0.018573442845899867,0.019315115011609395,0.01811130273947882,0.018867071810668982,0.020798630871655604,0.018482449418325483,0.022693945256529194,0.021541591007671685,0.02067940883726282,0.017696589684769535,0.01686022142956687,0.015432501080911045,0.022001114415348036,0.019184955104024445,0.01894774123154878,0.020237383799990037,0.023541620349213116,0.027969633979203476,0.030125291834705588,0.04120497454468741,0.03139361878565397,0.02937984228253058,0.06326310638640616,0.04021207834741618,0.017482197731373,0.023284575200255588,0.023781684177554812,0.028146245869889862,0.028921909319070273,0.03509870057666069,0.03342469336392433,0.03421515091345676,0.030890183483519386,0.03536669620659858,0.04043384375658378,0.024133347558536536,0.03267937853091164,0.020663393796620615,0.014604046706191963,0.018216199398449116,0.014706035102303417,0.021058793498711783,0.017939128736511767,0.019158290286710795,0.014936372258283002,0.021565639029389898,0.02297004550110154,0.02558023427320308,0.021963237480638838,0.023468092446892193,0.023109072629294618,0.021757204436673762,0.024573758833547687,0.021505123906552452,0.019163893786002466
RTX,0.03146644954104495,0.02897685492334975,0.040704061984017804,0.03086202095127319,0.0269728720291839,0.02256049979554318,0.045543450799078324,0.03772284439446232,0.03567983257218574,0.032762570326480965,0.029399835631941342,0.03197652630057341,0.030664973273458185,0.03643668200483114,0.03537670922388219,0.035584410087000425,0.033016465249295364,0.04211905057243877,0.048691960542663684,0.04939514299263111,0.04951494968312507,0.05167796635750837,0.05251820165439915,0.04945968596796362,0.05258520631065522,0.058761784184423044,0.060086051791201245,0.04308777951963463,0.04815069769275838,0.051077577484430745,0.020040117806304793,0.02168168544498371,0.021359959419253914,0.02575746135853433,0.020307408425598018,0.024271118830165528,0.02500264515942567,0.024149077162202652,0.02338293078743099,0.029523203875162326,0.026828769600149564,0.02081847235059124,0.017475820058103744,0.018673730847943777,0.014483020019823562,0.03226362634648791,0.029117400046871356,0.03722718583197204,0.03678766721754742,0.03596214831905504,0.04726542038785013,0.04805021828574236,0.07938144216203527,0.05938541715881214,0.04669495982731956,0.04021207834741618,0.08778095003393149,0.027832668632015712,0.03951342833816452,0.034412817265145244,0.045506692888149985,0.04969918211830954,0.058369722550713744,0.0624326715072407,0.05331467859493383,0.055705688894979684,0.06510669058867098,0.06893462532093211,0.04556605556719645,0.06255663859375776,0.04001798895534475,0.0206026520004766,0.030281609135958926,0.017203140579694746,0.029277767424681158,0.024412600707424553,0.0260834706593199,0.014236198506345804,0.025406420781222985,0.02526323261299933,0.02617540978319601,0.021414391986519305,0.03331038441026083,0.025445887190974927,0.02461920194220409,0.0637261350794923,0.04133917101276826,0.02243565303998044
UPS,0.03940464728984798,0.03283592769475658,0.05050252019677608,0.031598845847601684,0.038392388064919354,0.03714167199603986,0.039618585807298316,0.05271548390393626,0.04669942527176768,0.032868393085870785,0.037954374038944395,0.03483375326687082,0.03107385562663115,0.023303496393937636,0.047045113478597786,0.043899302763239244,0.035708888096515165,0.03686236629660058,0.05048551024731318,0.049623940191234485,0.0354058409270423,0.041622325286203445,0.039381474961270396,0.03931031349377488,0.04230391793260324,0.04210696531126021,0.03957983422609977,0.041807351330482224,0.038156212858344786,0.040127660126093576,0.017586579106539525,0.023229476850023262,0.017979158002407267,0.02282882706379028,0.020626614267726686,0.03138731880648428,0.031747147709529966,0.026735649029323145,0.01986352752659522,0.027507386750909364,0.01802276410937274,0.020671011003842017,0.020971617838312008,0.023899545639754438,0.019648678076779343,0.036931758701810646,0.018946067058875957,0.03481942090439282,0.04031655249817897,0.03860569997678827,0.04165780896857306,0.036099729163344675,0.0401142921739914,0.034520033823682704,0.031340663121123255,0.017482197731373,0.027832668632015712,0.08509486853891299,0.03724360335700524,0.03647576074947262,0.0273152948662431,0.028837300348316004,0.03217685707826547,0.038323675531943574,0.03184910394378587,0.033738383253920576,0.03733953074065959,0.04136197059904097,0.02238168781597294,0.03466665324421463,0.03418593863974959,0.030888437311434005,0.03350541161344447,0.016414762266274925,0.020042725505280485,0.022310583587027703,0.03171615516968483,0.019601324184570234,0.022387643213481644,0.015899571633644746,0.018723726617211334,0.016584784914111878,0.03833133293822958,0.025377216493381028,0.02454370808430081,0.034589172726881334,0.0221938416657887,0.025785683978388492
UNP,0.03664038468355878,0.030879045031195946,0.04494498797368341,0.03202442895581205,0.031946821068036306,0.028053774153374334,0.04070431459993152,0.04184550856832698,0.04088838722355273,0.034258338561653945,0.03353800264329544,0.032832139279184186,0.02754938006219151,0.030561809080354645,0.04101310290189064,0.04284633209391485,0.029152015142288826,0.04086852961112812,0.04646361130162861,0.05020278111588163,0.04542907196732825,0.04855344757464908,0.04580341057979945,0.04716523122694511,0.05066469156507286,0.052973208774574745,0.050274017980839115,0.04602628975635214,0.04302652640498834,0.046767635659712856,0.01915864984034241,0.020484420382910346,0.01959991998712096,0.02283021903166318,0.019561679917907235,0.027971004003278784,0.03012702746009166,0.02638069905601133,0.020860823689100822,0.02706401207142499,0.02222011340265308,0.02150714201798987,0.01959221517757005,0.02071742327092989,0.015908430527583676,0.03812452945842121,0.0261692925555983,0.03676231958136731,0.040655047071260025,0.04331372995578292,0.04788932583721077,0.0467081440849442,0.053886100703440624,0.04354083521884205,0.04151005126179245,0.023284575200255588,0.03951342833816452,0.03724360335700524,0.06930028100391585,0.03795048290577899,0.03592800159693762,0.04285191319784385,0.05017582690959726,0.05452383535261498,0.04756466642535177,0.04596622341216517,0.050887407162232806,0.05678488884695453,0.03798370621813202,0.04861978167878684,0.038340024333293456,0.02482491292802629,0.031944944292318166,0.017376515745597353,0.022663656634314796,0.023418588431296024,0.029705529599163824,0.017692899757846957,0.025498804641272584,0.02083415783543527,0.022338281751517832,0.017750054033765412,0.03769788548291201,0.02530329555758616,0.02439732600910504,0.050431260751039146,0.032035339531424144,0.025685092023986018
MMM,0.03428598303027306,0.02944200525113367,0.044635573895576756,0.030767525560357126,0.03451799967926607,0.029256882380132875,0.03715638762288821,0.04391112909141447,0.044509344298256176,0.03518218482667546,0.03133482606251668,0.030708632295533136,0.03248621815176297,0.034390450387022306,0.04013598616381638,0.040724389933251996,0.02846206448267354,0.03970203796372257,0.051872251202667675,0.04790628832932419,0.04187814352153208,0.04726443957490566,0.046427992752804376,0.04674877017217025,0.04978756301509242,0.05039191618376631,0.04820136634521428,0.045082233199856346,0.04211643018275411,0.046537869665236146,0.020987239745156493,0.02526942889570153,0.018509738171836043,0.02413366557723609,0.02051099276069444,0.030750667293914583,0.030246442309879905,0.02560522720347228,0.022561604987227365,0.02772530423556221,0.022389883855054186,0.02136995038326442,0.019829936401779855,0.021707795592681614,0.017982970974063588,0.03628867940620613,0.022966172756134422,0.03474142207116585,0.03907921299085299,0.039645567596611184,0.05070439784749047,0.04262383559570275,0.04696610326579043,0.05016735516382269,0.04210622197390825,0.023781684177554812,0.034412817265145244,0.03647576074947262,0.03795048290577899,0.08065497012132122,0.030979523542137958,0.03431860169312381,0.03951589351012468,0.0466364427342538,0.03807754422654064,0.04069408943382198,0.04062799178856741,0.043241223859817976,0.03134146557485999,0.04161924627617606,0.03695259572885929,0.026845392939314094,0.03159877023352842,0.015612380451940834,0.024260677941287247,0.02025292235158397,0.034271779968961545,0.016793448415602683,0.023250434065571708,0.019491159598813274,0.02070964160089706,0.01729303321614013,0.03427363184347899,0.023799556999280075,0.02415965293840691,0.04402643702994618,0.02533803122353532,0.024623743471889368
XOM,0.02719165392755482,0.020837626484178508,0.030378754803857082,0.02351887978160687,0.02061042085261023,0.016580112636168688,0.029788585547381174,0.031949456039391776,0.03522171540024074,0.029963524767434472,0.020432308164040427,0.023282674001463464,0.02265487779081039,0.0320579968500509,0.03322927025314878,0.03330410377519934,0.020318026399563417,0.03146134530791272,0.041415670290598845,0.04181801307615205,0.045643195740327276,0.052154474100873885,0.0520046191738892,0.04522560094543369,0.049627886248840875,0.057335495039859526,0.05191435500622601,0.03680798680213925,0.045182195722639706,0.04908661269828283,0.016666468481488977,0.019459363045482583,0.018260295008806424,0.022500351844880036,0.017292091566744192,0.016547790219231535,0.018021565256793087,0.01694368325712105,0.018407175710819648,0.027156106031096323,0.02142705923264166,0.018816464674955187,0.012901285691239137,0.013138559459224023,0.01236391784225457,0.024912404136483542,0.021404773795156835,0.03051123175239731,0.03230120986295773,0.029544747673174138,0.05055914095795985,0.04534177317146431,0.058676825245453944,0.04870417154706848,0.03680605008835919,0.028146245869889862,0.045506692888149985,0.0273152948662431,0.03592800159693762,0.030979523542137958,0.09076066860375744,0.07900047348303538,0.09793570009855057,0.09956604255337657,0.09821256613077166,0.08462108171645777,0.08901622852561951,0.11687911668882742,0.05713328038687548,0.09217195953672698,0.03823904229285021,0.01661924755700425,0.029111967059366344,0.017838287011657558,0.02774718578586108,0.021586111245226778,0.02178332411445887,0.014339506955149019,0.020511037333966656,0.020184053963870175,0.02222871570297156,0.015701418850376944,0.02554005017771723,0.016169899591310252,0.017816870742477366,0.05528911377874848,0.029734515996700905,0.012322657485409911
CVX,0.03199890341479013,0.028774494467480236,0.04090491039313203,0.02944079929464706,0.027610380609844828,0.02119684163959179,0.04121573812933946,0.04036831168654991,0.04152937500870658,0.033660006080979875,0.02700626357951158,0.029979811587384827,0.029107818125383166,0.034656057926214526,0.03982245841485532,0.03847492562418541,0.025652650855844332,0.04238209639449501,0.049176735230556115,0.050825174703015834,0.052073945285571056,0.057289163135710766,0.055170552390799724,0.051316333908243195,0.05729837017978061,0.06389566543859083,0.059547355708941214,0.04220612318176668,0.04780477711834824,0.053261339303848694,0.01967856977894763,0.022383634823588145,0.022038996594693966,0.02645438222184021,0.018762137050018054,0.02277627599595806,0.02399426947380277,0.02195435721103422,0.022566458443200384,0.029037921790397714,0.022794841051266654,0.020256007291874514,0.013671802606160216,0.015119553669581223,0.013064719869418585,0.03210310758388245,0.027000599133705287,0.036397961064134746,0.0360944638610216,0.036917616127066406,0.052846629155513525,0.049070802694678596,0.06582815199255211,0.052281948287757334,0.04218473234620792,0.028921909319070273,0.04969918211830954,0.028837300348316004,0.04285191319784385,0.03431860169312381,0.07900047348303538,0.09682447321141488,0.10225255523936502,0.10120494775361187,0.09630479920965011,0.08639493663900882,0.09054090306825258,0.11479915482601775,0.06432234834973194,0.0935229878998493,0.04097222031748032,0.01973715708293878,0.03127436772785936,0.018852689251067218,0.028641809933523787,0.02486698651277789,0.02785155236074487,0.016182434065711442,0.02388922393250879,0.022818400709792182,0.024070912503458473,0.01582794754971862,0.03170760282549521,0.020580635440474938,0.02240691679384874,0.06027815539426808,0.037783685489607706,0.018149417690632844
COP,0.03696148715162052,0.03193188309137704,0.05029794201742329,0.034157223889689926,0.03191393514568143,0.026879067642660254,0.05083883983137567,0.048121967165805794,0.047451028006437926,0.03937149662795329,0.032911167523555454,0.0375404893111939,0.03433486331303256,0.03944584232146196,0.04426957602776601,0.04419452854904651,0.0320653725184922,0.048900899118293956,0.059648697258007095,0.058031877144589884,0.05977014313352438,0.06774361808830219,0.06591478433728809,0.06009229173559349,0.06661595406597216,0.07612881069104656,0.06903394038534633,0.047782511291184465,0.05719504733571019,0.06307896948002863,0.018392294933641074,0.023739240643917504,0.022953536923821617,0.030012351375715333,0.0214823217537836,0.024251530260337148,0.02521738737523897,0.020309877368111597,0.024477356372914424,0.03201779063761493,0.022038806081756616,0.019825083422533512,0.013269700001334414,0.014141032468963357,0.013857222082202834,0.032167781972854075,0.028633437796579096,0.04271225482869878,0.041076596313393554,0.038101978822645564,0.0647947178397395,0.05774454302169534,0.07580462928928608,0.06370555385385879,0.04872629178413103,0.03509870057666069,0.058369722550713744,0.03217685707826547,0.05017582690959726,0.03951589351012468,0.09793570009855057,0.10225255523936502,0.15469116217253578,0.13298982173639204,0.13983467595417937,0.11054528926532017,0.11372012488446465,0.1583789659612528,0.07761644824486373,0.116230930765243,0.0494550844986646,0.02350658451395318,0.03487089696513584,0.016891779962958868,0.028984720989867548,0.027674628202121344,0.029847075206287172,0.017781188987883195,0.023336942257550727,0.020736760815328416,0.023071294520205027,0.013136062263428313,0.032995293528710716,0.01899846400191204,0.021876180259100327,0.07124584495283508,0.03910205505137985,0.018825259086098382
SLB,0.03856334107193024,0.02919534538119038,0.05235890366485211,0.037663381691488154,0.03374173089052107,0.029074613161601568,0.05663061744609078,0.054093316556121374,0.05871100250150914,0.041986151644390485,0.030465481883553674,0.03445591567265424,0.0351504757327529,0.0433020364320969,0.05590349620280355,0.05127257861367327,0.026684464933311027,0.055225901127364994,0.07383780976705037,0.071552627192641,0.0686554674925021,0.07688901268321476,0.07593474146540895,0.07158056478060806,0.0772152099157072,0.08872950027117178,0.07975476304768403,0.054459845726306404,0.06854647694300654,0.0774639115568016,0.017979609680036486,0.023855261744545147,0.023137596501695668,0.02940249014761421,0.019771495331540313,0.02382553093681355,0.024875011507914,0.019262707045440152,0.023607965437679075,0.03694925176434798,0.024145751058896964,0.0186531620607889,0.01277466688477282,0.014800716466008952,0.012927780320103555,0.03592435384723603,0.02801920935255544,0.045402900652053796,0.04426200603965599,0.04422796289622348,0.07961732151325085,0.06691614542651292,0.08685487927916179,0.07479070643968952,0.05435865167180367,0.03342469336392433,0.0624326715072407,0.038323675531943574,0.05452383535261498,0.0466364427342538,0.09956604255337657,0.10120494775361187,0.13298982173639204,0.18799326682886855,0.1365306821539788,0.11651347941603234,0.12017413108466243,0.1589338182235818,0.0799634366187489,0.12488934913383044,0.05534679248885583,0.01942018099441442,0.03975724835508529,0.016773425817180523,0.031283709362235845,0.027908414533071413,0.030637630527028135,0.017591980533166122,0.0193474090226512,0.017099789622936814,0.02044705312565588,0.01046987247617327,0.03461928240406633,0.016869557616558294,0.018429285853180325,0.08524553384619407,0.03863040435051103,0.014117638653768104
EOG,0.03394939292599554,0.029638055771669836,0.044995811554598655,0.033303068707116204,0.030551396428506822,0.02649931489368057,0.04893173821490459,0.04822804080935928,0.043602513877909484,0.037363358410041146,0.0309887432542628,0.03648462169008822,0.032342215829694154,0.039100429036512625,0.04398683912466905,0.04181392947513989,0.029085846141686886,0.04517956983764345,0.05781335089849633,0.05545213930807216,0.0578212615183049,0.06630637560087,0.06377603111327815,0.05788114805847441,0.06293353934208737,0.07345204413661703,0.06458444260823165,0.04407270890053326,0.05668282808936813,0.060962178157361116,0.0153507806018293,0.020108245387911724,0.01742670202743813,0.025365380928816916,0.01871131331419155,0.018894213029916188,0.01999045635643563,0.01627012164821027,0.020948408222084956,0.031242756176191346,0.02047524974212915,0.015745597779554175,0.010882493026459154,0.012688852875550945,0.012761456339313896,0.029174097150722667,0.02392129179633326,0.03637033171238864,0.036717644626665095,0.03553302180105624,0.0643971404690792,0.05404445200330785,0.0746270677789018,0.06359090003861337,0.04467585258068297,0.03421515091345676,0.05331467859493383,0.03184910394378587,0.04756466642535177,0.03807754422654064,0.09821256613077166,0.09630479920965011,0.13983467595417937,0.1365306821539788,0.1710284743803015,0.10864857197756358,0.11048065567535557,0.16826183164016034,0.07563312749873248,0.11264250118152909,0.049174957872743584,0.02433095242915877,0.03163783290361632,0.01555968080369411,0.027651788548693476,0.02522037439690899,0.026369669276452488,0.018688726823345003,0.018091554695742914,0.0160876249231308,0.01906705705533121,0.010201997751806456,0.030423985711696678,0.01695496457763477,0.018096833301835685,0.0716998640618283,0.03322169153430712,0.015792561523406624
PSX,0.03528707129038649,0.030014797329738784,0.04430374758824319,0.03228341532052826,0.032544430251897356,0.02546149890069781,0.039897886129731906,0.047701686781912264,0.05343638732023818,0.0396150053746045,0.03176386817762323,0.03535636672501509,0.034670262685603276,0.04109942215762517,0.04799791942063919,0.04216818701614879,0.03357635807892126,0.04419797395720752,0.06262899661000132,0.05808223297110045,0.05981299420979503,0.06772921688914474,0.06547059523714868,0.059455182688151774,0.06493564140297943,0.07700829023087746,0.07223654659055667,0.04631834170486704,0.05815414397750606,0.0674386533338015,0.017385643723120892,0.02438017270655016,0.02096982014226071,0.02906568246569121,0.020368468715097093,0.021767849468431504,0.023024792006382615,0.018705122085307037,0.022558214286835795,0.03114481899545577,0.023027524920979207,0.018034612176037457,0.012314634426588075,0.01365503516401321,0.01371239942557787,0.03010532507493664,0.025523404577355524,0.042144716752209384,0.042437570321948385,0.036777046999376055,0.06426954259972621,0.05382082299292385,0.07751251591602759,0.06217176096455853,0.048521040789405064,0.030890183483519386,0.055705688894979684,0.033738383253920576,0.04596622341216517,0.04069408943382198,0.08462108171645777,0.08639493663900882,0.11054528926532017,0.11651347941603234,0.10864857197756358,0.14342472412321744,0.13293086727549402,0.1310839915170769,0.06779144961262973,0.1419446730666801,0.04946546539461408,0.019467659456858463,0.03609241471544957,0.01937249300493916,0.031222703794685894,0.02399459396275016,0.02651596084529415,0.013987855464597484,0.021523024004219425,0.019515077984050867,0.022526054798476254,0.01523927021340643,0.034304614910341036,0.01882921455400175,0.02064691812021251,0.07687020291088038,0.037964998723670325,0.016321222168319143
MPC,0.04067591155351391,0.036355749322322224,0.059570982078899486,0.04050997821191464,0.03781545107729377,0.03197705659472566,0.056042379596971906,0.05834812517033915,0.05518709341363078,0.04297090057994436,0.038669075695966074,0.042954876101363205,0.038287187403023816,0.047072840981531236,0.0547394338248173,0.04745493914720475,0.04227181849038906,0.053911614844134884,0.0733023594242459,0.06902030521865998,0.06677703902858598,0.07442531409578482,0.07362168959221065,0.06495132080686537,0.0726965299548477,0.08486088932169474,0.07850129638529586,0.05304686527702161,0.06609107240791554,0.07411065034825147,0.018683933223513114,0.026473426728293954,0.021944179723315062,0.03215017721122345,0.021282550673264625,0.025862536473576815,0.02809362370247333,0.022934759457679053,0.025433317814723456,0.03767251410145034,0.02692132842072096,0.01956296077375352,0.013465846256299973,0.01742534997988348,0.0153195101447872,0.03724569028042275,0.02754306668014226,0.04473910324523117,0.04812888516782327,0.046825032198415585,0.06725393684279607,0.060620658017840605,0.09119505511879258,0.07213826002308979,0.05394740353343513,0.03536669620659858,0.06510669058867098,0.03733953074065959,0.050887407162232806,0.04062799178856741,0.08901622852561951,0.09054090306825258,0.11372012488446465,0.12017413108466243,0.11048065567535557,0.13293086727549402,0.17784009880450688,0.13685545686735318,0.07415951945386913,0.15686345062059792,0.05163224445070698,0.027058352092006552,0.03903748164723077,0.02081887179699008,0.033802034453372,0.02891135326879959,0.02986802539677805,0.016696751024430287,0.026596679829648997,0.025327761647443547,0.027131436723126272,0.018730048580145715,0.04062098013256613,0.021671498559413426,0.024365370587113574,0.08386163393824876,0.044081244692000116,0.02031385523695575
OXY,0.04264928424258117,0.035334500499013675,0.05339125988784746,0.03961643358829628,0.03585656022620438,0.02968455142014986,0.06250558337339893,0.0552040995526487,0.05590630970536481,0.04388222712180564,0.03721830289233222,0.0390207025135415,0.037924922249180384,0.04680111301607184,0.05400624198215951,0.05096119724858521,0.035808939434738764,0.05481924989883284,0.07242483875540805,0.07046606002360824,0.07241494616321227,0.084241744157403,0.08196420360535976,0.07066990976519963,0.07635025082987008,0.09348982555638294,0.08233127126358797,0.05171256960115443,0.06720688633513112,0.07939212300548511,0.019468471752609566,0.026296271741237116,0.022535587890342094,0.03192859482728173,0.02406552192822663,0.025726303463343734,0.026748169498792173,0.021915820497557494,0.02326623474590084,0.035858426093653945,0.028503323235852824,0.02041303098334821,0.01541241577938521,0.016203409522774073,0.011619517219751756,0.03556899949313282,0.02623891854490646,0.04850022690274204,0.044525693018736295,0.04377971995707881,0.07547074385501781,0.06795527728911498,0.1009812277186733,0.07963779467400024,0.05440377941399846,0.04043384375658378,0.06893462532093211,0.04136197059904097,0.05678488884695453,0.043241223859817976,0.11687911668882742,0.11479915482601775,0.1583789659612528,0.1589338182235818,0.16826183164016034,0.1310839915170769,0.13685545686735318,0.27646236456070894,0.08905556753769912,0.1392789395929888,0.05808393056989637,0.02364548189723419,0.03913030142031695,0.018745360396491537,0.03642407997270315,0.029705410476571683,0.02948544328299689,0.02087001507617665,0.02042624368857681,0.02117588694845971,0.02473361009080815,0.016242631483937203,0.040651140916903764,0.024525962775667466,0.02492289286320065,0.0993257859064865,0.041552545030199055,0.020977678269244633
KMI,0.027391879100533617,0.025660700010420978,0.039352415547177125,0.027978044456195228,0.02664735172819785,0.019207563865046736,0.0491922663875064,0.03797589258399425,0.03540553794676041,0.03028074304893504,0.02442373825129305,0.0290513752329664,0.02843848124321545,0.03192613970267231,0.034184264018822685,0.03235156313270133,0.02537991365912154,0.041371987378549,0.043483555687029725,0.04260050995171825,0.04636437776518481,0.050136498377699346,0.04934031838095056,0.04793211391387557,0.051248989469493474,0.057145846418448304,0.0539186363585789,0.03926418009059975,0.04286773455993091,0.047839393601072,0.01534259551951204,0.0173693862584754,0.01815666540405254,0.024113913669274557,0.01679912784756774,0.019156149780302965,0.021294525165350575,0.019434310530357022,0.021078511327255554,0.026073683181269937,0.020339682203379117,0.015923547485474403,0.01313363344550867,0.014644426204555534,0.01217330588514351,0.028755861210568234,0.026327686801466493,0.0325977037670472,0.03084153386746948,0.034856148030670796,0.04431058586340191,0.040583991917902476,0.0583103589145627,0.0496341705711115,0.0373047854347065,0.024133347558536536,0.04556605556719645,0.02238168781597294,0.03798370621813202,0.03134146557485999,0.05713328038687548,0.06432234834973194,0.07761644824486373,0.0799634366187489,0.07563312749873248,0.06779144961262973,0.07415951945386913,0.08905556753769912,0.08132002230270541,0.07080362585956315,0.03633027460986825,0.019953750423662493,0.027674013236932152,0.016158892034856882,0.025892137476819045,0.02354227619641022,0.02579240754198927,0.01731612426340688,0.02449185164427237,0.024126076391640484,0.023912685520295338,0.01766696852656614,0.03171923172709531,0.023088975153855953,0.02461179478815006,0.06058272176715804,0.04107068031302927,0.021144596490113434
VLO,0.035820621094199985,0.03250169162569281,0.049788108789587365,0.03651576421998873,0.03247836075195414,0.02650812553775837,0.04773200099617467,0.05700503350342822,0.053140669119910874,0.042887028230332094,0.03384398521674277,0.03963820574428956,0.03527705892322043,0.043869876958257975,0.05308093038743545,0.04422180294086449,0.0372163164545746,0.04919442717257108,0.06917836148530815,0.06537709058389038,0.06443055718205634,0.07380250566315677,0.07091069995977191,0.06275859442175227,0.06911989290369232,0.08378265316457884,0.07853321561317322,0.04973217321740663,0.06272262568339092,0.07393020836980427,0.017372437617753277,0.025627539580840217,0.021733576640631785,0.03258136310408951,0.019545479101517674,0.021089564532076367,0.023926376606122957,0.01946224731167554,0.023088705235750583,0.037100919646670394,0.024688358948041604,0.018209906148749337,0.010036182129747419,0.015315196641248021,0.01320783830466753,0.030775204859516975,0.025222137811694835,0.04337086319013712,0.0421824166613351,0.03839274408577656,0.06793565328476968,0.06014326233280072,0.08465408820606461,0.06615732362184415,0.052377825680238466,0.03267937853091164,0.06255663859375776,0.03466665324421463,0.04861978167878684,0.04161924627617606,0.09217195953672698,0.0935229878998493,0.116230930765243,0.12488934913383044,0.11264250118152909,0.1419446730666801,0.15686345062059792,0.1392789395929888,0.07080362585956315,0.18492975126046168,0.052933023572707974,0.020455255514203116,0.03866720913964613,0.01919639263484726,0.03281105465469737,0.02505173207394755,0.027536853546768585,0.013808132039920104,0.021837022665221417,0.02120108957954687,0.024611228082254688,0.016698311424717373,0.03289621932524292,0.01735228313253586,0.01965434687697526,0.08560824569948768,0.04154867207142663,0.015387871825302482
DIS,0.04075373699486157,0.039138919333675574,0.05730252999967052,0.040036916060603445,0.04794053502411159,0.042191744111453294,0.05975876585695874,0.05472715542449231,0.04784657108996483,0.03708947736586054,0.04249389028583422,0.04467571225654848,0.03469121937643474,0.03201889987703293,0.04955308224887459,0.043125670298241985,0.048114934127682835,0.045440353350200476,0.056135695339188184,0.05725012580687036,0.04918814851476881,0.05438515192676775,0.0508483097735586,0.05268556223790836,0.056526753940526135,0.06088668205884568,0.06259011634895763,0.04896392753020433,0.0468656130551651,0.052390563625280266,0.015455417534573392,0.020325268313136767,0.014958142056790944,0.019477567168558776,0.020381592841357307,0.02846023802010471,0.02919213848140088,0.024485198225365514,0.018836821428507476,0.02361896790424158,0.021544792998020226,0.020346697113861736,0.017124105138597363,0.020588737741348177,0.016833153713923767,0.037729396836011286,0.025896367052131726,0.04684283408717969,0.048000747672595816,0.039550508338466496,0.0447799778660597,0.04281170200766573,0.06414830346465045,0.0489787929517322,0.04208184706548361,0.020663393796620615,0.04001798895534475,0.03418593863974959,0.038340024333293456,0.03695259572885929,0.03823904229285021,0.04097222031748032,0.0494550844986646,0.05534679248885583,0.049174957872743584,0.04946546539461408,0.05163224445070698,0.05808393056989637,0.03633027460986825,0.052933023572707974,0.09418486508640897,0.04477792828329912,0.041376197663075466,0.01612574692209089,0.026648409215265054,0.02703519010032449,0.03802014625344212,0.018627048138627672,0.024304122072255248,0.017721085108282495,0.020707086768727973,0.016143133311858543,0.035160056107656386,0.0223594299723859,0.02304890320682461,0.060454199083029424,0.031314077610799,0.02558398473271923
NFLX,0.056989228851668614,0.060092719634059245,0.09999337526910682,0.05798108726524788,0.08166172042662874,0.07937650002642355,0.09148001870274766,0.09589144007069902,0.05783620278841196,0.036665063035811234,0.0760326292191895,0.07518327230652615,0.04233306277476562,0.020780148702018875,0.06269956134649494,0.049510264421256875,0.08690839344228096,0.0625611560860965,0.06874762003982515,0.06919174157903278,0.028695074006816406,0.03163962396990516,0.028126676539787798,0.03774785844517283,0.03850312292347757,0.037291028422184846,0.03339365576470785,0.045038367544567394,0.03509357734243537,0.02232744752994031,0.010808971320679615,0.014530196146872414,0.01183089940192001,0.017092651311042463,0.02458447330294839,0.031576949443572956,0.03391594347654933,0.02632696595476945,0.013383735141771304,0.016829080585402507,0.010211254100987345,0.014479999324680007,0.012281960991673323,0.03487824176231072,0.02067191453429299,0.03385659958325821,0.017326344761321243,0.036418423807220816,0.041751009292640494,0.03487760842398096,0.02925247338257923,0.028291164405847776,0.04814865129423413,0.037512733673384625,0.025182149212285704,0.014604046706191963,0.0206026520004766,0.030888437311434005,0.02482491292802629,0.026845392939314094,0.01661924755700425,0.01973715708293878,0.02350658451395318,0.01942018099441442,0.02433095242915877,0.019467659456858463,0.027058352092006552,0.02364548189723419,0.019953750423662493,0.020455255514203116,0.04477792828329912,0.18467599132118828,0.032799390093015336,0.008586831671432447,0.015479143147654214,0.032399736204367674,0.0412101937969457,0.04035648365513094,0.019463778374211156,0.005552096855203142,0.0080977742783648,0.007152241795891748,0.029914503200576165,0.020157312863860372,0.020021853993886854,0.024810536284046798,0.013104213650755286,0.03429279584524299
CMCSA,0.03398037049471882,0.03165419232955292,0.038846558797140274,0.031441607394630006,0.036791890164470056,0.029799259981112464,0.03900903060882207,0.03944803257771885,0.039518808729034224,0.03150253967029737,0.036924371758796586,0.03381039444826705,0.02593534627125237,0.026797956764663802,0.038399631632815026,0.039437531761998226,0.034330501817836895,0.03289217229748537,0.038320426162217716,0.04202122023946916,0.037558496013143525,0.04039928463213987,0.04056257074995984,0.039546877396103346,0.041647021274689465,0.04344155253094982,0.043032062477501826,0.03747042058242438,0.033286036964745504,0.04231881753170878,0.01883504953952378,0.020791224599292925,0.01777206886674941,0.0230927655238834,0.021754047295494967,0.021571499121415372,0.02474292641765791,0.02433056215224574,0.02056799900630854,0.027493597017874523,0.02193464382607753,0.024203727109252456,0.02042018359163497,0.021581389217567474,0.017818217944272255,0.032985743169292626,0.02224892522480403,0.035119390833129725,0.03312005171599166,0.03417308874041598,0.03574396512788327,0.03386376529127403,0.043032514917920144,0.032697798487582926,0.03230020891924019,0.018216199398449116,0.030281609135958926,0.03350541161344447,0.031944944292318166,0.03159877023352842,0.029111967059366344,0.03127436772785936,0.03487089696513584,0.03975724835508529,0.03163783290361632,0.03609241471544957,0.03903748164723077,0.03913030142031695,0.027674013236932152,0.03866720913964613,0.041376197663075466,0.032799390093015336,0.07692189767236318,0.023184138889764977,0.03137654186891478,0.03054165493020868,0.06290401498978673,0.022038172121875952,0.024336125027071814,0.020735589516629186,0.021913095081867312,0.019106116467202835,0.031151264156825287,0.02487201423939072,0.026327043498308774,0.042389690159299366,0.02674839733555206,0.021490268632118732
VZ,0.013618573363176394,0.011197934482397847,0.0050842563376608816,0.010899800416992117,0.009171789879405411,0.00728260191532603,0.004174083549994593,0.006871479699519206,0.015622542865646466,0.01637654567975812,0.009237179679180751,0.00949799708372839,0.010690497946283434,0.01706321269752193,0.012396059735016732,0.015346750862326277,0.007606813895783671,0.007045702507006034,0.0066822472453234695,0.007766283589222556,0.017960169656072875,0.02059268491471914,0.0195744324560245,0.01570510822567803,0.017286149116562708,0.018628580465909723,0.017727211708722386,0.017525767864701104,0.016791119828224135,0.0224275214882929,0.016236970840865065,0.01804225480386463,0.016365267526041588,0.016473656473223998,0.015232132401140295,0.013204735650025163,0.015101009993730416,0.017935704805566607,0.014179037252587826,0.02118096617899219,0.018399525776073886,0.019328716119124092,0.019017339212977383,0.012243465975669363,0.013688552876915805,0.017146691306697555,0.01473143494376309,0.015123644036827654,0.014852192160002175,0.017669170611617657,0.016394156315111347,0.018090305914268766,0.016478525104085772,0.016901854246937603,0.016065866794603194,0.014706035102303417,0.017203140579694746,0.016414762266274925,0.017376515745597353,0.015612380451940834,0.017838287011657558,0.018852689251067218,0.016891779962958868,0.016773425817180523,0.01555968080369411,0.01937249300493916,0.02081887179699008,0.018745360396491537,0.016158892034856882,0.01919639263484726,0.01612574692209089,0.008586831671432447,0.023184138889764977,0.044161266161243086,0.03475822288644826,0.02343638336667356,0.021755488149144124,0.010862335898769062,0.02232318370546727,0.02115553253627274,0.022199620029959063,0.02095471106499355,0.019397741758972672,0.023163285380441875,0.023219797141461017,0.018877348373675676,0.019244288286672826,0.015245405014107458
T,0.020138891437688804,0.014584934977627232,0.012291548129539418,0.01529495522083893,0.01544952374797618,0.011571216173519878,0.011651337480997611,0.014197737553705353,0.023067996524048714,0.02318783215254483,0.01497756887894362,0.01746200394791188,0.016489170662055404,0.02608472043263639,0.019587892152978813,0.022987547506309942,0.015318429604401355,0.011520905335185402,0.018398362450983474,0.018256002102652862,0.03067385747210643,0.03531696138586737,0.03426060354639086,0.02944991494145563,0.031129791849058723,0.035734673513788444,0.031320324925275395,0.02719627600712237,0.02890303484066448,0.03497066128924684,0.018616441161436997,0.02014567881242498,0.017987829432053522,0.020120995404135835,0.01679767119407878,0.014987797427923761,0.01579383809377157,0.021633889907717595,0.017812165415981428,0.027011124826080354,0.022313179046053754,0.020937293306708394,0.02026418532616944,0.014674733476493618,0.015541250757982631,0.022432104443522706,0.019606427972740648,0.021624063195824637,0.020425405094541688,0.023168328602774572,0.025344198901035793,0.026986776815989055,0.03234344531813048,0.030311534403920228,0.025886546247132856,0.021058793498711783,0.029277767424681158,0.020042725505280485,0.022663656634314796,0.024260677941287247,0.02774718578586108,0.028641809933523787,0.028984720989867548,0.031283709362235845,0.027651788548693476,0.031222703794685894,0.033802034453372,0.03642407997270315,0.025892137476819045,0.03281105465469737,0.026648409215265054,0.015479143147654214,0.03137654186891478,0.03475822288644826,0.06167842620336769,0.028250585390138937,0.026798306456698468,0.013840710477408223,0.022394501102755076,0.02446992968234725,0.02613530889309689,0.02260096979170401,0.023947347939093155,0.02594815638646002,0.0263412145285877,0.0328809718879787,0.024753422497103775,0.018707077799717524
TMUS,0.029550417893548894,0.029264016255614027,0.03660053275473894,0.026181383060980903,0.026782009741365013,0.02711980772342543,0.03200165584492394,0.03707271551549227,0.030864722952826634,0.026372955819807354,0.03391808214653032,0.03213209814345748,0.020235727015162363,0.01876849030777979,0.030472089462282328,0.030403217274946277,0.03577101024222162,0.026800099093829497,0.027999307047644913,0.03422484347490653,0.025367843356623797,0.028173857606131777,0.027088080958186607,0.027814385288366356,0.028452742732485214,0.029720815829094225,0.030325060970499435,0.030023579949655314,0.027363329901709837,0.024515562092225617,0.015634026331771297,0.01674736959796061,0.016062748632954715,0.020206646063554864,0.019328668503562556,0.0180175469696015,0.019092424625109985,0.023921792809283027,0.01537192530459905,0.024510244910886672,0.01966930683147538,0.023135827831898582,0.018839803602704316,0.022482353392015413,0.01702131018715052,0.02717426744263438,0.021668879889501523,0.030071668998197968,0.024385211763853963,0.029264873398041957,0.02091355638439645,0.02524004911771546,0.03175235197503135,0.025812881759413167,0.023773870446619067,0.017939128736511767,0.024412600707424553,0.022310583587027703,0.023418588431296024,0.02025292235158397,0.021586111245226778,0.02486698651277789,0.027674628202121344,0.027908414533071413,0.02522037439690899,0.02399459396275016,0.02891135326879959,0.029705410476571683,0.02354227619641022,0.02505173207394755,0.02703519010032449,0.032399736204367674,0.03054165493020868,0.02343638336667356,0.028250585390138937,0.07030026574771547,0.029492758864449034,0.022739180274191584,0.023580696066563364,0.019419804169261416,0.019846618309433267,0.018484780997837354,0.024358032601927822,0.024419203631666542,0.02437385067265911,0.02839197132353456,0.023085913941117375,0.02392041808502777
CHTR,0.03589820796855388,0.03129822328007865,0.04167712370596408,0.03186331256566143,0.033990432279953214,0.0323452191664321,0.050176160753413634,0.041984236305134044,0.03525619355959392,0.029206174187181303,0.04187581838580035,0.03930571213260847,0.02885583147337739,0.027284281123360125,0.03667890372097164,0.03710896579030823,0.045957070913104955,0.03326661087699752,0.03789125163292981,0.04114657675121881,0.0315854216483614,0.03446097483908413,0.03436893852999139,0.03566520194842128,0.0374182771032318,0.037785039602311686,0.03921593326107603,0.03927727104409356,0.02854504450192435,0.03586479691845471,0.01740639686913456,0.022203252310149132,0.017026888285729392,0.0222557433222943,0.022075083648557335,0.02761086975652978,0.029185008492864328,0.027549885419554613,0.021224830637468082,0.02350107475060195,0.017909089019962927,0.022997981288550805,0.018860757982891798,0.023226030843683902,0.017646757404347607,0.03648855627117459,0.023231088745629416,0.03436726997608809,0.03420188194466994,0.03945415198268005,0.029765143576866163,0.029403744248432655,0.041931127030010146,0.030337080693013472,0.029384865128553105,0.019158290286710795,0.0260834706593199,0.03171615516968483,0.029705529599163824,0.034271779968961545,0.02178332411445887,0.02785155236074487,0.029847075206287172,0.030637630527028135,0.026369669276452488,0.02651596084529415,0.02986802539677805,0.02948544328299689,0.02579240754198927,0.027536853546768585,0.03802014625344212,0.0412101937969457,0.06290401498978673,0.021755488149144124,0.026798306456698468,0.029492758864449034,0.12524053125196713,0.02465555766476792,0.026810004158790816,0.019259812480082586,0.019741949992243542,0.017977326373502387,0.03453964106831369,0.030289473062683692,0.03294530177814477,0.03423469482466754,0.027380502594193577,0.03051917116735833
EA,0.03196400150464319,0.032501986415117076,0.048811283007125505,0.030022488516279932,0.034448544834544494,0.03251363928666407,0.039220516761669065,0.04749047916890888,0.038408354292436886,0.0246149703202631,0.04043440278278642,0.035929668521782115,0.02399198117888742,0.018735943317861527,0.03466011251883485,0.032989553622129304,0.04177437434595016,0.03423989694258906,0.03947981418838082,0.0435945488237031,0.01736344316614882,0.018464074111088694,0.016077179674597066,0.022486307881044935,0.02282154003769849,0.020505110141329382,0.01902972376909637,0.027970297905149547,0.01807807991551811,0.014415139825507078,0.012481578162744087,0.014196393142568426,0.013518025474830078,0.01853763735317459,0.018150642842551284,0.02235440452736331,0.022989350612241652,0.021062355295478025,0.013431846275049189,0.015821441372009432,0.012218034486615903,0.016580797456842968,0.012476557855276427,0.018594983478186444,0.013443855491040654,0.02341689184704734,0.013147124900881652,0.020152420788513824,0.022017152049189304,0.024889002084358333,0.020072109530910213,0.018865760961970766,0.027587363444371862,0.01814486881952208,0.016567204049900787,0.014936372258283002,0.014236198506345804,0.019601324184570234,0.017692899757846957,0.016793448415602683,0.014339506955149019,0.016182434065711442,0.017781188987883195,0.017591980533166122,0.018688726823345003,0.013987855464597484,0.016696751024430287,0.02087001507617665,0.01731612426340688,0.013808132039920104,0.018627048138627672,0.04035648365513094,0.022038172121875952,0.010862335898769062,0.013840710477408223,0.022739180274191584,0.02465555766476792,0.08177694937140313,0.017947380667456384,0.011534942139671931,0.013236948943628181,0.013326789865260823,0.02339165535296083,0.020651930883819947,0.021537528894562622,0.01551158518982591,0.01421383486487653,0.024060135539678947
NEE,0.02660729038593758,0.02433001610002959,0.02739258131639173,0.02228488956349232,0.021623929784244655,0.01994839251756864,0.02955486013625537,0.02976168858879247,0.028984107764060383,0.022636785646944903,0.024643827905854416,0.021820321724128146,0.019045195443328417,0.020571556136342945,0.024285313825333586,0.029336385370697958,0.024996983961479854,0.02412708797633147,0.022690618965189945,0.029169337709331583,0.022163918443563566,0.024328681052104242,0.023763967102176344,0.022868490992376988,0.026528110210985504,0.02476400608425958,0.02661582740680738,0.031645397663547674,0.02034790072898791,0.024946934027961817,0.02076429503663311,0.021061954269869784,0.01959429869871864,0.019179743500883924,0.022073996541917208,0.024780470214235448,0.027556884064595704,0.026830009636101236,0.018046749376639568,0.019007761343784818,0.02606703898078921,0.029027212756483588,0.02625281144946233,0.02019810250861846,0.018764074157818663,0.03009313798715153,0.02446077598476576,0.028623839254259428,0.029396730457431748,0.031108943254432156,0.020538566916195072,0.025160172457353146,0.0334486546628145,0.02444238299767015,0.02685163447534523,0.021565639029389898,0.025406420781222985,0.022387643213481644,0.025498804641272584,0.023250434065571708,0.020511037333966656,0.02388922393250879,0.023336942257550727,0.0193474090226512,0.018091554695742914,0.021523024004219425,0.026596679829648997,0.02042624368857681,0.02449185164427237,0.021837022665221417,0.024304122072255248,0.019463778374211156,0.024336125027071814,0.02232318370546727,0.022394501102755076,0.023580696066563364,0.026810004158790816,0.017947380667456384,0.07295479670523661,0.039446785461350865,0.042614055876131055,0.03945716429547222,0.039527938693618786,0.040879645061486315,0.03910335877511425,0.03175632998404243,0.03455758724126104,0.036442068309153315
DUK,0.01671225897162883,0.01528398713433846,0.007957063618266461,0.012197522907455849,0.009294186826182915,0.0058030630771365435,0.007740346374718298,0.008256688771093574,0.017270875932334482,0.017843702439426522,0.013440964271887476,0.012233796971619136,0.014473979432736567,0.020936678647492844,0.012565908591840074,0.016496941464869394,0.010888032635986401,0.011595083162542215,0.007435836647003832,0.01415571310894564,0.02198097914037383,0.023266229749525854,0.02423299477569849,0.01968222044221083,0.02222003774608598,0.022581741121019853,0.02496387674164769,0.023766385912720265,0.01803664492419279,0.02414470077972517,0.020789102417685244,0.0196657629537804,0.01821939579566229,0.017602899627545906,0.018986654791755226,0.01617615454289807,0.01823953458628541,0.02326226160862702,0.01679078331786519,0.020068550489291855,0.025289566326170097,0.026884431552231264,0.024004967731075636,0.01597302061260758,0.0164834057562903,0.02311644517823621,0.021595722797752105,0.020506360098211947,0.01821822307923435,0.022952975589100765,0.015941290725520026,0.019901911097680317,0.026143100383297865,0.02131303621810554,0.02279416758023967,0.02297004550110154,0.02526323261299933,0.015899571633644746,0.02083415783543527,0.019491159598813274,0.020184053963870175,0.022818400709792182,0.020736760815328416,0.017099789622936814,0.0160876249231308,0.019515077984050867,0.025327761647443547,0.02117588694845971,0.024126076391640484,0.02120108957954687,0.017721085108282495,0.005552096855203142,0.020735589516629186,0.02115553253627274,0.02446992968234725,0.019419804169261416,0.019259812480082586,0.011534942139671931,0.039446785461350865,0.046241840513054154,0.042157113654874116,0.03874511211561225,0.0326151088999774,0.034842460291737445,0.033587756057375816,0.03084668642991776,0.033697281895609305,0.02692062926934416
SO,0.018933441144876127,0.01731597445070874,0.011380350468131609,0.014946184833094336,0.011243418491172845,0.008742019114080799,0.008954405580687526,0.013491569637398278,0.0205986928433326,0.020114760729407693,0.015189008412616353,0.015332209691317707,0.016305555884777046,0.023070052020846346,0.015756608246995554,0.020385426686801423,0.01381443283483155,0.012563228121290744,0.01253366490772808,0.018425899994073906,0.023001750068977964,0.025181800082276627,0.026264738808613814,0.01937760358583401,0.023654396359555418,0.023895310076327798,0.026327034905132957,0.025865660870189378,0.018765306129848464,0.02628671408555286,0.02265637605411435,0.02114634341922547,0.019692799910115685,0.01802619983512293,0.021424819769207473,0.019494103278135187,0.020347675943441,0.02475286977644208,0.017798715280792805,0.02175026734940495,0.026605703065065583,0.02854183030404003,0.025796789600398388,0.016744592008479393,0.017706012840665135,0.024460387467161986,0.022779119083723112,0.02229254806444388,0.022588549055986538,0.023616813647503385,0.018358965726963137,0.0226943566947859,0.027727487511548573,0.024570831291716944,0.02393302268321954,0.02558023427320308,0.02617540978319601,0.018723726617211334,0.022338281751517832,0.02070964160089706,0.02222871570297156,0.024070912503458473,0.023071294520205027,0.02044705312565588,0.01906705705533121,0.022526054798476254,0.027131436723126272,0.02473361009080815,0.023912685520295338,0.024611228082254688,0.020707086768727973,0.0080977742783648,0.021913095081867312,0.022199620029959063,0.02613530889309689,0.019846618309433267,0.019741949992243542,0.013236948943628181,0.042614055876131055,0.042157113654874116,0.05391158554816648,0.04137990064593491,0.034766115545230195,0.03671401227366902,0.03494188664388411,0.02837240784306156,0.03362470444803928,0.028768999613213764
AEP,0.016432519069509318,0.014508714696364694,0.00780953315099244,0.011611465454849434,0.009931531658865877,0.008259959216112554,0.005826973053341542,0.011736751651654958,0.017852438545759994,0.016396457883015886,0.011938612811545145,0.010966626292073352,0.012354850444793765,0.01722340910960263,0.012560588529092072,0.016988498571849937,0.012006291844638367,0.010251041959484187,0.008554794335532377,0.01422127446673952,0.01694994211104778,0.018521469285942567,0.02004196000574223,0.015626813587095494,0.01684500793193262,0.017557245805279585,0.019277230284718543,0.02176862356944846,0.01430648122587572,0.02139924994284408,0.019768809171663466,0.01882695712168557,0.01718631968209232,0.01563769372472859,0.018210866496331624,0.016244882387242213,0.01813701554148793,0.021099396310271017,0.015372663205549515,0.01861928585060347,0.023878163417715786,0.02566919736935473,0.02354647531357927,0.01598500855315799,0.01569788094929127,0.02097461748175807,0.017913566904908237,0.01821710012070953,0.01779032677364232,0.020031016993074857,0.015206857290007767,0.017416679285409388,0.021749524708826278,0.017490200625952853,0.0196261525411764,0.021963237480638838,0.021414391986519305,0.016584784914111878,0.017750054033765412,0.01729303321614013,0.015701418850376944,0.01582794754971862,0.013136062263428313,0.01046987247617327,0.010201997751806456,0.01523927021340643,0.018730048580145715,0.016242631483937203,0.01766696852656614,0.016698311424717373,0.016143133311858543,0.007152241795891748,0.019106116467202835,0.02095471106499355,0.02260096979170401,0.018484780997837354,0.017977326373502387,0.013326789865260823,0.03945716429547222,0.03874511211561225,0.04137990064593491,0.04852703075785684,0.03158441721067884,0.03357928126316794,0.032915315186497804,0.02391112087710104,0.028690594809317065,0.026471748405386287
PLD,0.04249221978402615,0.03717647857540453,0.05060605428399147,0.03565385734697539,0.03943057677208115,0.036950578501032054,0.04833750165232254,0.0521885225100032,0.04527411037516837,0.03429140432667302,0.04263535025444601,0.039314438504666954,0.03301873710147784,0.030700827987653397,0.04297705598439893,0.04242905293006938,0.043516339034731503,0.04143225498407364,0.04694895032137065,0.050204457028658694,0.0368055304373522,0.04143692140952657,0.04085709152578832,0.04042681035107863,0.04506497783017955,0.04409204201304077,0.04623291367990129,0.04668109075804035,0.034332572599161615,0.043148696133652235,0.022320360036543415,0.02691845981975,0.023393035438583284,0.024416379910014725,0.02732807590827824,0.03901492564485705,0.03981362288294532,0.03572995940580262,0.022265368548869017,0.02593837307188799,0.026373608529627068,0.029128743865935877,0.02533396869210879,0.027637322942821087,0.02204502877040719,0.044171243925889246,0.027111804860742213,0.04131733020314674,0.04220412220588471,0.04629338596275122,0.036477073589514415,0.03648898415411133,0.050375563156068066,0.039876476343067596,0.034878995347653076,0.023468092446892193,0.03331038441026083,0.03833133293822958,0.03769788548291201,0.03427363184347899,0.02554005017771723,0.03170760282549521,0.032995293528710716,0.03461928240406633,0.030423985711696678,0.034304614910341036,0.04062098013256613,0.040651140916903764,0.03171923172709531,0.03289621932524292,0.035160056107656386,0.029914503200576165,0.031151264156825287,0.019397741758972672,0.023947347939093155,0.024358032601927822,0.03453964106831369,0.02339165535296083,0.039527938693618786,0.0326151088999774,0.034766115545230195,0.03158441721067884,0.08063152209090554,0.04827483408593265,0.04691193760814072,0.052986194703675715,0.04617423388768328,0.0509940731288459
AMT,0.028203238830149312,0.02796649127459401,0.02796283317403963,0.022596805171222763,0.02346510255258308,0.020932285695301762,0.025379792879724004,0.026963634772174977,0.02493232262971074,0.02295950005775793,0.03301122470282205,0.02838646541903779,0.021050403235101676,0.021879465342385614,0.024386864925761,0.026472079563469513,0.03410328796572623,0.021554375985670424,0.017806594587128154,0.027916178353072592,0.023084345175613946,0.02600101549783953,0.023775924463348384,0.023652944572969573,0.027490162719984675,0.02529860289432735,0.026442446845317786,0.03522458606396825,0.02240766709506829,0.02767846903224337,0.023181442150191897,0.024855231901592414,0.02195696865272289,0.02168803895584483,0.02336360874708715,0.029738582859760186,0.030520641843567935,0.03113965067721281,0.01748934701165224,0.019043763831273753,0.02637744524923498,0.02897679571946978,0.026284839401905763,0.022223133547785174,0.018398686762381107,0.032777984988889744,0.026436674359918984,0.029241363948617205,0.028212943199449406,0.03379142520377246,0.019125340118001613,0.02250474954845977,0.030703469488384667,0.02095063195641804,0.02542514067137856,0.023109072629294618,0.025445887190974927,0.025377216493381028,0.02530329555758616,0.023799556999280075,0.016169899591310252,0.020580635440474938,0.01899846400191204,0.016869557616558294,0.01695496457763477,0.01882921455400175,0.021671498559413426,0.024525962775667466,0.023088975153855953,0.01735228313253586,0.0223594299723859,0.020157312863860372,0.02487201423939072,0.023163285380441875,0.02594815638646002,0.024419203631666542,0.030289473062683692,0.020651930883819947,0.040879645061486315,0.034842460291737445,0.03671401227366902,0.03357928126316794,0.04827483408593265,0.07555448846490852,0.06278624437221382,0.03448547073904049,0.04087951177273174,0.04850587978570115
CCI,0.02883555520665939,0.02706658889664879,0.02801158120400775,0.021727820544251288,0.023630308122861515,0.02084107368386566,0.029821853440204143,0.02953345419255149,0.02698593872983313,0.02309560309400124,0.0315131690763793,0.027804672343051517,0.020585784117038573,0.021765589219221615,0.025169461511228692,0.026831626694508885,0.03295274347160902,0.022358228764762476,0.018309520845157686,0.02868537285575847,0.02369939659842085,0.02618461411246976,0.024199734338248395,0.023915811595379,0.027246512831365956,0.02612068383818249,0.02568019579488546,0.033762305466561365,0.022497929572707853,0.02842566990139869,0.02192253166100639,0.02397356793004845,0.021761961472866125,0.021660857023583724,0.022963640510093475,0.028646164938058816,0.029291025946209064,0.029752433956934315,0.017895312283799043,0.019940969412180768,0.025571596538129626,0.027602554962411957,0.02525256762069158,0.021247859304958164,0.017474927569799233,0.03147527075862553,0.025023823256620822,0.02826299743565317,0.025714138596004223,0.03232652918362125,0.0206052547403536,0.022880634007339643,0.030290536187123223,0.022771290251900795,0.02527649411578952,0.021757204436673762,0.02461920194220409,0.02454370808430081,0.02439732600910504,0.02415965293840691,0.017816870742477366,0.02240691679384874,0.021876180259100327,0.018429285853180325,0.018096833301835685,0.02064691812021251,0.024365370587113574,0.02492289286320065,0.02461179478815006,0.01965434687697526,0.02304890320682461,0.020021853993886854,0.026327043498308774,0.023219797141461017,0.0263412145285877,0.02437385067265911,0.03294530177814477,0.021537528894562622,0.03910335877511425,0.033587756057375816,0.03494188664388411,0.032915315186497804,0.04691193760814072,0.06278624437221382,0.07469610925158385,0.03270540904465406,0.039485981136762535,0.04647632571243612
SPG,0.040937655055476974,0.0333299110422207,0.04647390919984376,0.036944778339891286,0.04318987534502715,0.028945542015519504,0.07383300423587315,0.041693664923643355,0.0480812628962678,0.0364103363311693,0.036763657915957274,0.04065841664902375,0.03076715918529602,0.041435231662881954,0.05133948005668662,0.0449176697575578,0.03597756940202113,0.05524767748661321,0.0632983521925834,0.06277608898773016,0.06493839673916058,0.0714909879665529,0.07262242373011558,0.06754241520134202,0.06701498909902269,0.08282692711659599,0.08342930071729532,0.054479292893432535,0.05840950447037749,0.07283641870617136,0.016609794358032694,0.023689503272347007,0.018684160485770714,0.027020537686238397,0.018937905593583014,0.018625399843904978,0.026058532007877146,0.020599279468889085,0.022892344409664516,0.03221651260877798,0.03155634745517916,0.024533147350986755,0.016211346938134658,0.020304314811674076,0.014475389842291983,0.04889724743929935,0.03652383858682066,0.05605366091119909,0.05037853508574214,0.055832359046244145,0.05334640081103573,0.05356017384068422,0.10149553410296284,0.07121470923426308,0.05517235118592043,0.024573758833547687,0.0637261350794923,0.034589172726881334,0.050431260751039146,0.04402643702994618,0.05528911377874848,0.06027815539426808,0.07124584495283508,0.08524553384619407,0.0716998640618283,0.07687020291088038,0.08386163393824876,0.0993257859064865,0.06058272176715804,0.08560824569948768,0.060454199083029424,0.024810536284046798,0.042389690159299366,0.018877348373675676,0.0328809718879787,0.02839197132353456,0.03423469482466754,0.01551158518982591,0.03175632998404243,0.03084668642991776,0.02837240784306156,0.02391112087710104,0.052986194703675715,0.03448547073904049,0.03270540904465406,0.15738922503580388,0.0707123395332289,0.031150760738554387
O,0.026277938432780423,0.02410740400695657,0.02482292684282243,0.022316593521569426,0.022205237850554675,0.014033407933053335,0.039944994876664135,0.024703800900824816,0.02564248862751155,0.022919238436994498,0.02539537018103837,0.026210634765923415,0.018532389979625884,0.025817039960328768,0.027904382019118767,0.027424118597049518,0.024711638524694077,0.030956696421155148,0.029429145198627386,0.033189660117711725,0.03361177370623057,0.03634948154976638,0.03571565289214428,0.03423449410070612,0.03607830321904823,0.041236817591278986,0.045084668417553,0.034467545991810324,0.026582989116205206,0.03789329444659434,0.018170068024759786,0.019252130221890817,0.019959964204958137,0.021714988147208018,0.016924992997635658,0.02005257869893178,0.02366412726519669,0.022974293255863046,0.01999536224430459,0.022564605988996723,0.025998486373430666,0.025881428844563483,0.019701724564259573,0.016701252973333976,0.011358490543784757,0.03508912158229755,0.031259484242262915,0.03532853597987425,0.03190649572499127,0.03880455756768155,0.024832507583861338,0.03185940484152244,0.05115584074665899,0.03599683084438129,0.03462500169585157,0.021505123906552452,0.04133917101276826,0.0221938416657887,0.032035339531424144,0.02533803122353532,0.029734515996700905,0.037783685489607706,0.03910205505137985,0.03863040435051103,0.03322169153430712,0.037964998723670325,0.044081244692000116,0.041552545030199055,0.04107068031302927,0.04154867207142663,0.031314077610799,0.013104213650755286,0.02674839733555206,0.019244288286672826,0.024753422497103775,0.023085913941117375,0.027380502594193577,0.01421383486487653,0.03455758724126104,0.033697281895609305,0.03362470444803928,0.028690594809317065,0.04617423388768328,0.04087951177273174,0.039485981136762535,0.0707123395332289,0.07144699236442915,0.03292101099861779
EQIX,0.03599246916124444,0.0364054019957971,0.05435625617225761,0.032346396054791525,0.039941347167069464,0.03608157925260453,0.04829455632666569,0.05470300162428752,0.03690254968296549,0.02785690901626516,0.04248443089291667,0.038620099698833774,0.03300117765499117,0.023381496320334646,0.03575647207480081,0.034875605367392336,0.04772426342223065,0.03892538202999009,0.03874377490026345,0.04368251916070987,0.023668643572958125,0.02643273329797772,0.023438686013667692,0.027659552491134273,0.03096866395343312,0.028153694050607705,0.031057799818516453,0.037906137731708686,0.022376306710837568,0.0238791586632305,0.01815477112863862,0.019925977968619224,0.019293888402270764,0.018594758004836967,0.026066934478270458,0.03428047201320905,0.0339607244370748,0.030952842485528115,0.016495369444177246,0.018088464474430844,0.020277948177192962,0.0248405487158365,0.023670184410364517,0.026706832510292176,0.021375395372802166,0.03466379519879953,0.022695193318921173,0.034970066396877594,0.032161941434724645,0.035023019180531835,0.02348351345981368,0.02306748908944118,0.03255419351146967,0.026066997335370996,0.02512144381811184,0.019163893786002466,0.02243565303998044,0.025785683978388492,0.025685092023986018,0.024623743471889368,0.012322657485409911,0.018149417690632844,0.018825259086098382,0.014117638653768104,0.015792561523406624,0.016321222168319143,0.02031385523695575,0.020977678269244633,0.021144596490113434,0.015387871825302482,0.02558398473271923,0.03429279584524299,0.021490268632118732,0.015245405014107458,0.018707077799717524,0.02392041808502777,0.03051917116735833,0.024060135539678947,0.036442068309153315,0.02692062926934416,0.028768999613213764,0.026471748405386287,0.0509940731288459,0.04850587978570115,0.04647632571243612,0.031150760738554387,0.03292101099861779,0.08141554422116706
